2025-12-15 17:48:35,467 13876 DEBUG ? odoo.netsvc: logger level set: "odoo.http.rpc.request:INFO" 
2025-12-15 17:48:35,467 13876 DEBUG ? odoo.netsvc: logger level set: "odoo.http.rpc.response:INFO" 
2025-12-15 17:48:35,467 13876 DEBUG ? odoo.netsvc: logger level set: ":INFO" 
2025-12-15 17:48:35,467 13876 DEBUG ? odoo.netsvc: logger level set: "odoo:DEBUG" 
2025-12-15 17:48:35,467 13876 DEBUG ? odoo.netsvc: logger level set: "odoo.sql_db:INFO" 
2025-12-15 17:48:35,467 13876 DEBUG ? odoo.netsvc: logger level set: ":DEBUG" 
2025-12-15 17:48:35,467 13876 INFO ? odoo: Odoo version 18.0 
2025-12-15 17:48:35,467 13876 INFO ? odoo: Using configuration file at D:\Manuel\Empresas\ERP\OpenSource\odoo\odoo.conf 
2025-12-15 17:48:35,467 13876 INFO ? odoo: addons paths: ['D:\\Manuel\\Empresas\\ERP\\OpenSource\\odoo\\odoo\\addons', 'c:\\users\\mesonesf\\appdata\\local\\openerp s.a\\odoo\\addons\\18.0', 'd:\\manuel\\empresas\\erp\\opensource\\odoo\\addons', 'd:\\manuel\\empresas\\erp\\opensource\\odoo\\modules', 'd:\\manuel\\empresas\\erp\\opensource\\odoo\\odoo\\addons'] 
2025-12-15 17:48:35,467 13876 INFO ? odoo: database: OdooOS@default:default 
2025-12-15 17:48:35,628 13876 INFO ? odoo.addons.base.models.ir_actions_report: You need Wkhtmltopdf to print a pdf version of the reports. 
2025-12-15 17:48:35,630 13876 INFO ? odoo.addons.base.models.ir_actions_report: You need Wkhtmltoimage to generate images from html. 
2025-12-15 17:48:35,882 13876 DEBUG ? odoo.service.server: Setting signal handlers 
2025-12-15 17:48:35,892 13876 INFO ? odoo.service.server: HTTP service (werkzeug) running on DESKTOP-CHBMN10:8069 
2025-12-15 17:48:35,947 13876 DEBUG wellness odoo.modules.registry: Multiprocess load registry signaling: [Registry: 55] [Cache default: 45] [Cache assets: 2] [Cache templates: 4] [Cache routing: 1] [Cache groups: 3] 
2025-12-15 17:48:35,947 13876 INFO wellness odoo.modules.loading: loading 1 modules... 
2025-12-15 17:48:35,947 13876 DEBUG wellness odoo.modules.loading: Loading module base (1/1) 
2025-12-15 17:48:35,947 13876 DEBUG wellness odoo.modules.loading: Module base loaded in 0.00s, 0 queries 
2025-12-15 17:48:35,947 13876 INFO wellness odoo.modules.loading: 1 modules loaded in 0.00s, 0 queries (+0 extra) 
2025-12-15 17:48:36,005 13876 DEBUG wellness odoo.modules.loading: Updating graph with 92 more modules 
2025-12-15 17:48:36,005 13876 INFO wellness odoo.modules.loading: loading 93 modules... 
2025-12-15 17:48:36,005 13876 DEBUG wellness odoo.modules.loading: Loading module audit_login (2/93) 
2025-12-15 17:48:36,023 13876 DEBUG wellness odoo.modules.loading: Module audit_login loaded in 0.02s, 0 queries 
2025-12-15 17:48:36,023 13876 DEBUG wellness odoo.modules.loading: Loading module social_media (3/93) 
2025-12-15 17:48:36,023 13876 DEBUG wellness odoo.modules.loading: Module social_media loaded in 0.00s, 0 queries 
2025-12-15 17:48:36,023 13876 DEBUG wellness odoo.modules.loading: Loading module uom (4/93) 
2025-12-15 17:48:36,028 13876 DEBUG wellness odoo.modules.loading: Module uom loaded in 0.01s, 0 queries 
2025-12-15 17:48:36,028 13876 DEBUG wellness odoo.modules.loading: Loading module web (5/93) 
2025-12-15 17:48:36,030 13876 DEBUG wellness odoo.modules.loading: Module web loaded in 0.00s, 0 queries 
2025-12-15 17:48:36,030 13876 DEBUG wellness odoo.modules.loading: Loading module auth_totp (6/93) 
2025-12-15 17:48:36,056 13876 DEBUG wellness odoo.modules.loading: Module auth_totp loaded in 0.03s, 0 queries 
2025-12-15 17:48:36,057 13876 DEBUG wellness odoo.modules.loading: Loading module barcodes (7/93) 
2025-12-15 17:48:36,062 13876 DEBUG wellness odoo.modules.loading: Module barcodes loaded in 0.00s, 0 queries 
2025-12-15 17:48:36,062 13876 DEBUG wellness odoo.modules.loading: Loading module base_import (8/93) 
2025-12-15 17:48:36,217 13876 DEBUG wellness odoo.modules.loading: Module base_import loaded in 0.15s, 0 queries 
2025-12-15 17:48:36,217 13876 DEBUG wellness odoo.modules.loading: Loading module base_import_module (9/93) 
2025-12-15 17:48:36,223 13876 DEBUG wellness odoo.modules.loading: Module base_import_module loaded in 0.01s, 0 queries 
2025-12-15 17:48:36,223 13876 DEBUG wellness odoo.modules.loading: Loading module base_setup (10/93) 
2025-12-15 17:48:36,226 13876 DEBUG wellness odoo.modules.loading: Module base_setup loaded in 0.00s, 0 queries 
2025-12-15 17:48:36,226 13876 DEBUG wellness odoo.modules.loading: Loading module bus (11/93) 
2025-12-15 17:48:36,238 13876 DEBUG wellness odoo.modules.loading: Module bus loaded in 0.01s, 0 queries 
2025-12-15 17:48:36,238 13876 DEBUG wellness odoo.modules.loading: Loading module http_routing (12/93) 
2025-12-15 17:48:36,238 13876 DEBUG wellness odoo.modules.loading: Module http_routing loaded in 0.00s, 0 queries 
2025-12-15 17:48:36,238 13876 DEBUG wellness odoo.modules.loading: Loading module onboarding (13/93) 
2025-12-15 17:48:36,246 13876 DEBUG wellness odoo.modules.loading: Module onboarding loaded in 0.01s, 0 queries 
2025-12-15 17:48:36,246 13876 DEBUG wellness odoo.modules.loading: Loading module resource (14/93) 
2025-12-15 17:48:36,252 13876 DEBUG wellness odoo.modules.loading: Module resource loaded in 0.01s, 0 queries 
2025-12-15 17:48:36,252 13876 DEBUG wellness odoo.modules.loading: Loading module utm (15/93) 
2025-12-15 17:48:36,252 13876 DEBUG wellness odoo.modules.loading: Module utm loaded in 0.00s, 0 queries 
2025-12-15 17:48:36,252 13876 DEBUG wellness odoo.modules.loading: Loading module web_hierarchy (16/93) 
2025-12-15 17:48:36,252 13876 DEBUG wellness odoo.modules.loading: Module web_hierarchy loaded in 0.00s, 0 queries 
2025-12-15 17:48:36,252 13876 DEBUG wellness odoo.modules.loading: Loading module web_tour (17/93) 
2025-12-15 17:48:36,267 13876 DEBUG wellness odoo.modules.loading: Module web_tour loaded in 0.02s, 0 queries 
2025-12-15 17:48:36,267 13876 DEBUG wellness odoo.modules.loading: Loading module barcodes_gs1_nomenclature (18/93) 
2025-12-15 17:48:36,267 13876 DEBUG wellness odoo.modules.loading: Module barcodes_gs1_nomenclature loaded in 0.00s, 0 queries 
2025-12-15 17:48:36,267 13876 DEBUG wellness odoo.modules.loading: Loading module google_recaptcha (19/93) 
2025-12-15 17:48:36,267 13876 DEBUG wellness odoo.modules.loading: Module google_recaptcha loaded in 0.00s, 0 queries 
2025-12-15 17:48:36,267 13876 DEBUG wellness odoo.modules.loading: Loading module html_editor (20/93) 
2025-12-15 17:48:36,367 13876 DEBUG wellness odoo.modules.loading: Module html_editor loaded in 0.10s, 0 queries 
2025-12-15 17:48:36,367 13876 DEBUG wellness odoo.modules.loading: Loading module iap (21/93) 
2025-12-15 17:48:36,367 13876 DEBUG wellness odoo.modules.loading: Module iap loaded in 0.00s, 0 queries 
2025-12-15 17:48:36,368 13876 DEBUG wellness odoo.modules.loading: Loading module mail (22/93) 
2025-12-15 17:48:36,370 13876 DEBUG wellness odoo.modules.loading: Module mail loaded in 0.00s, 0 queries 
2025-12-15 17:48:36,370 13876 DEBUG wellness odoo.modules.loading: Loading module web_editor (23/93) 
2025-12-15 17:48:36,385 13876 DEBUG wellness odoo.modules.loading: Module web_editor loaded in 0.02s, 0 queries 
2025-12-15 17:48:36,385 13876 DEBUG wellness odoo.modules.loading: Loading module analytic (24/93) 
2025-12-15 17:48:36,385 13876 DEBUG wellness odoo.modules.loading: Module analytic loaded in 0.00s, 0 queries 
2025-12-15 17:48:36,385 13876 DEBUG wellness odoo.modules.loading: Loading module auth_signup (25/93) 
2025-12-15 17:48:36,401 13876 DEBUG wellness odoo.modules.loading: Module auth_signup loaded in 0.02s, 0 queries 
2025-12-15 17:48:36,401 13876 DEBUG wellness odoo.modules.loading: Loading module auth_totp_mail (26/93) 
2025-12-15 17:48:36,401 13876 DEBUG wellness odoo.modules.loading: Module auth_totp_mail loaded in 0.00s, 0 queries 
2025-12-15 17:48:36,401 13876 DEBUG wellness odoo.modules.loading: Loading module base_install_request (27/93) 
2025-12-15 17:48:36,401 13876 DEBUG wellness odoo.modules.loading: Module base_install_request loaded in 0.00s, 0 queries 
2025-12-15 17:48:36,401 13876 DEBUG wellness odoo.modules.loading: Loading module contacts (28/93) 
2025-12-15 17:48:36,417 13876 DEBUG wellness odoo.modules.loading: Module contacts loaded in 0.02s, 0 queries 
2025-12-15 17:48:36,417 13876 DEBUG wellness odoo.modules.loading: Loading module fleet (29/93) 
2025-12-15 17:48:36,417 13876 DEBUG wellness odoo.modules.loading: Module fleet loaded in 0.00s, 0 queries 
2025-12-15 17:48:36,417 13876 DEBUG wellness odoo.modules.loading: Loading module google_gmail (30/93) 
2025-12-15 17:48:36,433 13876 DEBUG wellness odoo.modules.loading: Module google_gmail loaded in 0.02s, 0 queries 
2025-12-15 17:48:36,433 13876 DEBUG wellness odoo.modules.loading: Loading module iap_mail (31/93) 
2025-12-15 17:48:36,433 13876 DEBUG wellness odoo.modules.loading: Module iap_mail loaded in 0.00s, 0 queries 
2025-12-15 17:48:36,433 13876 DEBUG wellness odoo.modules.loading: Loading module mail_bot (32/93) 
2025-12-15 17:48:36,438 13876 DEBUG wellness odoo.modules.loading: Module mail_bot loaded in 0.01s, 0 queries 
2025-12-15 17:48:36,438 13876 DEBUG wellness odoo.modules.loading: Loading module phone_validation (33/93) 
2025-12-15 17:48:36,448 13876 DEBUG wellness odoo.modules.loading: Module phone_validation loaded in 0.01s, 0 queries 
2025-12-15 17:48:36,448 13876 DEBUG wellness odoo.modules.loading: Loading module privacy_lookup (34/93) 
2025-12-15 17:48:36,448 13876 DEBUG wellness odoo.modules.loading: Module privacy_lookup loaded in 0.00s, 0 queries 
2025-12-15 17:48:36,448 13876 DEBUG wellness odoo.modules.loading: Loading module product (35/93) 
2025-12-15 17:48:36,485 13876 DEBUG wellness odoo.modules.loading: Module product loaded in 0.04s, 0 queries 
2025-12-15 17:48:36,485 13876 DEBUG wellness odoo.modules.loading: Loading module resource_mail (36/93) 
2025-12-15 17:48:36,487 13876 DEBUG wellness odoo.modules.loading: Module resource_mail loaded in 0.00s, 0 queries 
2025-12-15 17:48:36,487 13876 DEBUG wellness odoo.modules.loading: Loading module sales_team (37/93) 
2025-12-15 17:48:36,491 13876 DEBUG wellness odoo.modules.loading: Module sales_team loaded in 0.00s, 0 queries 
2025-12-15 17:48:36,491 13876 DEBUG wellness odoo.modules.loading: Loading module web_unsplash (38/93) 
2025-12-15 17:48:36,495 13876 DEBUG wellness odoo.modules.loading: Module web_unsplash loaded in 0.00s, 0 queries 
2025-12-15 17:48:36,495 13876 DEBUG wellness odoo.modules.loading: Loading module base_address_extended (39/93) 
2025-12-15 17:48:36,495 13876 DEBUG wellness odoo.modules.loading: Module base_address_extended loaded in 0.00s, 0 queries 
2025-12-15 17:48:36,495 13876 DEBUG wellness odoo.modules.loading: Loading module partner_autocomplete (40/93) 
2025-12-15 17:48:36,495 13876 DEBUG wellness odoo.modules.loading: Module partner_autocomplete loaded in 0.00s, 0 queries 
2025-12-15 17:48:36,495 13876 DEBUG wellness odoo.modules.loading: Loading module portal (41/93) 
2025-12-15 17:48:36,511 13876 DEBUG wellness odoo.modules.loading: Module portal loaded in 0.02s, 0 queries 
2025-12-15 17:48:36,511 13876 DEBUG wellness odoo.modules.loading: Loading module sms (42/93) 
2025-12-15 17:48:36,527 13876 DEBUG wellness odoo.modules.loading: Module sms loaded in 0.02s, 0 queries 
2025-12-15 17:48:36,527 13876 DEBUG wellness odoo.modules.loading: Loading module snailmail (43/93) 
2025-12-15 17:48:36,538 13876 DEBUG wellness odoo.modules.loading: Module snailmail loaded in 0.01s, 0 queries 
2025-12-15 17:48:36,538 13876 DEBUG wellness odoo.modules.loading: Loading module auth_totp_portal (44/93) 
2025-12-15 17:48:36,544 13876 DEBUG wellness odoo.modules.loading: Module auth_totp_portal loaded in 0.01s, 0 queries 
2025-12-15 17:48:36,544 13876 DEBUG wellness odoo.modules.loading: Loading module digest (45/93) 
2025-12-15 17:48:36,544 13876 DEBUG wellness odoo.modules.loading: Module digest loaded in 0.00s, 0 queries 
2025-12-15 17:48:36,544 13876 DEBUG wellness odoo.modules.loading: Loading module payment (46/93) 
2025-12-15 17:48:36,574 13876 DEBUG wellness odoo.modules.loading: Module payment loaded in 0.03s, 0 queries 
2025-12-15 17:48:36,574 13876 DEBUG wellness odoo.modules.loading: Loading module spreadsheet (47/93) 
2025-12-15 17:48:36,578 13876 DEBUG wellness odoo.modules.loading: Module spreadsheet loaded in 0.00s, 0 queries 
2025-12-15 17:48:36,578 13876 DEBUG wellness odoo.modules.loading: Loading module account (48/93) 
2025-12-15 17:48:36,704 13876 DEBUG wellness odoo.modules.loading: Module account loaded in 0.13s, 0 queries 
2025-12-15 17:48:36,704 13876 DEBUG wellness odoo.modules.loading: Loading module hr (49/93) 
2025-12-15 17:48:36,738 13876 DEBUG wellness odoo.modules.loading: Module hr loaded in 0.03s, 0 queries 
2025-12-15 17:48:36,738 13876 DEBUG wellness odoo.modules.loading: Loading module spreadsheet_dashboard (50/93) 
2025-12-15 17:48:36,738 13876 DEBUG wellness odoo.modules.loading: Module spreadsheet_dashboard loaded in 0.00s, 0 queries 
2025-12-15 17:48:36,738 13876 DEBUG wellness odoo.modules.loading: Loading module stock (51/93) 
2025-12-15 17:48:36,787 13876 DEBUG wellness odoo.modules.loading: Module stock loaded in 0.05s, 0 queries 
2025-12-15 17:48:36,787 13876 DEBUG wellness odoo.modules.loading: Loading module website (52/93) 
2025-12-15 17:48:36,871 13876 DEBUG wellness odoo.modules.loading: Module website loaded in 0.08s, 0 queries 
2025-12-15 17:48:36,871 13876 DEBUG wellness odoo.modules.loading: Loading module account_debit_note (53/93) 
2025-12-15 17:48:36,871 13876 DEBUG wellness odoo.modules.loading: Module account_debit_note loaded in 0.00s, 0 queries 
2025-12-15 17:48:36,871 13876 DEBUG wellness odoo.modules.loading: Loading module account_edi_ubl_cii (54/93) 
2025-12-15 17:48:36,888 13876 DEBUG wellness odoo.modules.loading: Module account_edi_ubl_cii loaded in 0.02s, 0 queries 
2025-12-15 17:48:36,888 13876 DEBUG wellness odoo.modules.loading: Loading module account_fleet (55/93) 
2025-12-15 17:48:36,888 13876 DEBUG wellness odoo.modules.loading: Module account_fleet loaded in 0.00s, 0 queries 
2025-12-15 17:48:36,888 13876 DEBUG wellness odoo.modules.loading: Loading module account_payment (56/93) 
2025-12-15 17:48:36,904 13876 DEBUG wellness odoo.modules.loading: Module account_payment loaded in 0.02s, 0 queries 
2025-12-15 17:48:36,904 13876 DEBUG wellness odoo.modules.loading: Loading module base_vat (57/93) 
2025-12-15 17:48:36,904 13876 DEBUG wellness odoo.modules.loading: Module base_vat loaded in 0.00s, 0 queries 
2025-12-15 17:48:36,904 13876 DEBUG wellness odoo.modules.loading: Loading module edi (58/93) 
2025-12-15 17:48:36,904 13876 DEBUG wellness odoo.modules.loading: Module edi loaded in 0.00s, 0 queries 
2025-12-15 17:48:36,904 13876 DEBUG wellness odoo.modules.loading: Loading module hr_fleet (59/93) 
2025-12-15 17:48:36,921 13876 DEBUG wellness odoo.modules.loading: Module hr_fleet loaded in 0.02s, 0 queries 
2025-12-15 17:48:36,921 13876 DEBUG wellness odoo.modules.loading: Loading module hr_org_chart (60/93) 
2025-12-15 17:48:36,921 13876 DEBUG wellness odoo.modules.loading: Module hr_org_chart loaded in 0.00s, 0 queries 
2025-12-15 17:48:36,921 13876 DEBUG wellness odoo.modules.loading: Loading module hr_skills (61/93) 
2025-12-15 17:48:36,938 13876 DEBUG wellness odoo.modules.loading: Module hr_skills loaded in 0.02s, 0 queries 
2025-12-15 17:48:36,938 13876 DEBUG wellness odoo.modules.loading: Loading module mail_bot_hr (62/93) 
2025-12-15 17:48:36,938 13876 DEBUG wellness odoo.modules.loading: Module mail_bot_hr loaded in 0.00s, 0 queries 
2025-12-15 17:48:36,938 13876 DEBUG wellness odoo.modules.loading: Loading module medical_management (63/93) 
2025-12-15 17:48:36,938 13876 DEBUG wellness odoo.modules.loading: Module medical_management loaded in 0.00s, 0 queries 
2025-12-15 17:48:36,938 13876 DEBUG wellness odoo.modules.loading: Loading module mrp (64/93) 
2025-12-15 17:48:36,975 13876 DEBUG wellness odoo.modules.loading: Module mrp loaded in 0.04s, 0 queries 
2025-12-15 17:48:36,975 13876 DEBUG wellness odoo.modules.loading: Loading module purchase (65/93) 
2025-12-15 17:48:36,988 13876 DEBUG wellness odoo.modules.loading: Module purchase loaded in 0.01s, 0 queries 
2025-12-15 17:48:36,988 13876 DEBUG wellness odoo.modules.loading: Loading module snailmail_account (66/93) 
2025-12-15 17:48:37,003 13876 DEBUG wellness odoo.modules.loading: Module snailmail_account loaded in 0.02s, 0 queries 
2025-12-15 17:48:37,003 13876 DEBUG wellness odoo.modules.loading: Loading module spreadsheet_account (67/93) 
2025-12-15 17:48:37,004 13876 DEBUG wellness odoo.modules.loading: Module spreadsheet_account loaded in 0.00s, 0 queries 
2025-12-15 17:48:37,004 13876 DEBUG wellness odoo.modules.loading: Loading module spreadsheet_dashboard_account (68/93) 
2025-12-15 17:48:37,004 13876 DEBUG wellness odoo.modules.loading: Module spreadsheet_dashboard_account loaded in 0.00s, 0 queries 
2025-12-15 17:48:37,004 13876 DEBUG wellness odoo.modules.loading: Loading module stock_account (69/93) 
2025-12-15 17:48:37,021 13876 DEBUG wellness odoo.modules.loading: Module stock_account loaded in 0.02s, 0 queries 
2025-12-15 17:48:37,021 13876 DEBUG wellness odoo.modules.loading: Loading module stock_sms (70/93) 
2025-12-15 17:48:37,021 13876 DEBUG wellness odoo.modules.loading: Module stock_sms loaded in 0.00s, 0 queries 
2025-12-15 17:48:37,021 13876 DEBUG wellness odoo.modules.loading: Loading module website_mail (71/93) 
2025-12-15 17:48:37,021 13876 DEBUG wellness odoo.modules.loading: Module website_mail loaded in 0.00s, 0 queries 
2025-12-15 17:48:37,021 13876 DEBUG wellness odoo.modules.loading: Loading module website_sms (72/93) 
2025-12-15 17:48:37,021 13876 DEBUG wellness odoo.modules.loading: Module website_sms loaded in 0.00s, 0 queries 
2025-12-15 17:48:37,021 13876 DEBUG wellness odoo.modules.loading: Loading module l10n_latam_base (73/93) 
2025-12-15 17:48:37,021 13876 DEBUG wellness odoo.modules.loading: Module l10n_latam_base loaded in 0.00s, 0 queries 
2025-12-15 17:48:37,021 13876 DEBUG wellness odoo.modules.loading: Loading module l10n_latam_invoice_document (74/93) 
2025-12-15 17:48:37,038 13876 DEBUG wellness odoo.modules.loading: Module l10n_latam_invoice_document loaded in 0.02s, 0 queries 
2025-12-15 17:48:37,038 13876 DEBUG wellness odoo.modules.loading: Loading module mrp_account (75/93) 
2025-12-15 17:48:37,038 13876 DEBUG wellness odoo.modules.loading: Module mrp_account loaded in 0.00s, 0 queries 
2025-12-15 17:48:37,038 13876 DEBUG wellness odoo.modules.loading: Loading module purchase_edi_ubl_bis3 (76/93) 
2025-12-15 17:48:37,038 13876 DEBUG wellness odoo.modules.loading: Module purchase_edi_ubl_bis3 loaded in 0.00s, 0 queries 
2025-12-15 17:48:37,038 13876 DEBUG wellness odoo.modules.loading: Loading module purchase_stock (77/93) 
2025-12-15 17:48:37,054 13876 DEBUG wellness odoo.modules.loading: Module purchase_stock loaded in 0.02s, 0 queries 
2025-12-15 17:48:37,054 13876 DEBUG wellness odoo.modules.loading: Loading module sale (78/93) 
2025-12-15 17:48:37,087 13876 DEBUG wellness odoo.modules.loading: Module sale loaded in 0.03s, 0 queries 
2025-12-15 17:48:37,087 13876 DEBUG wellness odoo.modules.loading: Loading module spreadsheet_dashboard_stock_account (79/93) 
2025-12-15 17:48:37,087 13876 DEBUG wellness odoo.modules.loading: Module spreadsheet_dashboard_stock_account loaded in 0.00s, 0 queries 
2025-12-15 17:48:37,087 13876 DEBUG wellness odoo.modules.loading: Loading module website_payment (80/93) 
2025-12-15 17:48:37,087 13876 DEBUG wellness odoo.modules.loading: Module website_payment loaded in 0.00s, 0 queries 
2025-12-15 17:48:37,087 13876 DEBUG wellness odoo.modules.loading: Loading module l10n_pe (81/93) 
2025-12-15 17:48:37,104 13876 DEBUG wellness odoo.modules.loading: Module l10n_pe loaded in 0.02s, 0 queries 
2025-12-15 17:48:37,104 13876 DEBUG wellness odoo.modules.loading: Loading module product_price_usd (82/93) 
2025-12-15 17:48:37,104 13876 DEBUG wellness odoo.modules.loading: Module product_price_usd loaded in 0.00s, 0 queries 
2025-12-15 17:48:37,104 13876 DEBUG wellness odoo.modules.loading: Loading module purchase_mrp (83/93) 
2025-12-15 17:48:37,104 13876 DEBUG wellness odoo.modules.loading: Module purchase_mrp loaded in 0.00s, 0 queries 
2025-12-15 17:48:37,104 13876 DEBUG wellness odoo.modules.loading: Loading module sale_async_emails (84/93) 
2025-12-15 17:48:37,104 13876 DEBUG wellness odoo.modules.loading: Module sale_async_emails loaded in 0.00s, 0 queries 
2025-12-15 17:48:37,104 13876 DEBUG wellness odoo.modules.loading: Loading module sale_edi_ubl (85/93) 
2025-12-15 17:48:37,104 13876 DEBUG wellness odoo.modules.loading: Module sale_edi_ubl loaded in 0.00s, 0 queries 
2025-12-15 17:48:37,104 13876 DEBUG wellness odoo.modules.loading: Loading module sale_management (86/93) 
2025-12-15 17:48:37,121 13876 DEBUG wellness odoo.modules.loading: Module sale_management loaded in 0.02s, 0 queries 
2025-12-15 17:48:37,121 13876 DEBUG wellness odoo.modules.loading: Loading module sale_purchase (87/93) 
2025-12-15 17:48:37,121 13876 DEBUG wellness odoo.modules.loading: Module sale_purchase loaded in 0.00s, 0 queries 
2025-12-15 17:48:37,121 13876 DEBUG wellness odoo.modules.loading: Loading module sale_sms (88/93) 
2025-12-15 17:48:37,121 13876 DEBUG wellness odoo.modules.loading: Module sale_sms loaded in 0.00s, 0 queries 
2025-12-15 17:48:37,121 13876 DEBUG wellness odoo.modules.loading: Loading module sale_stock (89/93) 
2025-12-15 17:48:37,139 13876 DEBUG wellness odoo.modules.loading: Module sale_stock loaded in 0.02s, 0 queries 
2025-12-15 17:48:37,139 13876 DEBUG wellness odoo.modules.loading: Loading module spreadsheet_dashboard_sale (90/93) 
2025-12-15 17:48:37,139 13876 DEBUG wellness odoo.modules.loading: Module spreadsheet_dashboard_sale loaded in 0.00s, 0 queries 
2025-12-15 17:48:37,139 13876 DEBUG wellness odoo.modules.loading: Loading module sale_mrp (91/93) 
2025-12-15 17:48:37,139 13876 DEBUG wellness odoo.modules.loading: Module sale_mrp loaded in 0.00s, 0 queries 
2025-12-15 17:48:37,139 13876 DEBUG wellness odoo.modules.loading: Loading module sale_pdf_quote_builder (92/93) 
2025-12-15 17:48:37,154 13876 DEBUG wellness odoo.modules.loading: Module sale_pdf_quote_builder loaded in 0.02s, 0 queries 
2025-12-15 17:48:37,154 13876 DEBUG wellness odoo.modules.loading: Loading module sale_purchase_stock (93/93) 
2025-12-15 17:48:37,154 13876 DEBUG wellness odoo.modules.loading: Module sale_purchase_stock loaded in 0.00s, 0 queries 
2025-12-15 17:48:37,154 13876 INFO wellness odoo.modules.loading: 93 modules loaded in 1.15s, 0 queries (+0 extra) 
2025-12-15 17:48:37,355 13876 INFO wellness odoo.modules.loading: Modules loaded. 
2025-12-15 17:48:37,374 13876 INFO wellness odoo.modules.registry: Registry loaded in 1.482s 
2025-12-15 17:48:37,374 13876 DEBUG wellness odoo.service.server: cron0 started! 
2025-12-15 17:48:37,374 13876 DEBUG wellness odoo.service.server: cron1 started! 
2025-12-15 17:48:47,531 13876 DEBUG ? odoo.http: HTTP sessions stored in: c:\users\mesonesf\appdata\local\openerp s.a\odoo\sessions 
2025-12-15 17:48:47,537 13876 INFO wellness odoo.addons.base.models.ir_http: Generating routing map for key 1 
2025-12-15 17:48:47,537 13876 DEBUG wellness odoo.addons.website.models.ir_http: _generate_routing_rules for website: 1 
2025-12-15 17:48:47,623 13876 DEBUG wellness odoo.addons.http_routing.models.ir_http: '/' (lang: 'es') no lang in url and default website, continue 
2025-12-15 17:48:47,660 13876 DEBUG wellness odoo.http: Couldn't load Geoip City file at d:\usr\share\geoip\geolite2-city.mmdb. IP Resolver disabled. 
Traceback (most recent call last):
  File "D:\Manuel\Empresas\ERP\OpenSource\odoo\odoo\http.py", line 2462, in geoip_city_db
    return geoip2.database.Reader(config['geoip_city_db'])
           ^^^^^^^^^^^^^^^^^^^^^^^^^^^^^^^^^^^^^^^^^^^^^^^
  File "D:\Manuel\Empresas\ERP\OpenSource\odoo\venv\Lib\site-packages\geoip2\database.py", line 86, in __init__
    self._db_reader = maxminddb.open_database(fileish, mode)
                      ^^^^^^^^^^^^^^^^^^^^^^^^^^^^^^^^^^^^^^
  File "D:\Manuel\Empresas\ERP\OpenSource\odoo\venv\Lib\site-packages\maxminddb\__init__.py", line 87, in open_database
    return cast("Reader", _extension.Reader(database, mode))
                          ^^^^^^^^^^^^^^^^^^^^^^^^^^^^^^^^^
FileNotFoundError: [Errno 2] No such file or directory: b'd:\\usr\\share\\geoip\\geolite2-city.mmdb'
2025-12-15 17:48:48,068 13876 DEBUG wellness odoo.modules.module: module _custom: no manifest file found ('__manifest__.py', '__openerp__.py') 
2025-12-15 17:48:50,322 13876 INFO wellness werkzeug: 127.0.0.1 - - [15/Dec/2025 17:48:50] "GET / HTTP/1.1" 200 - 163 0.197 2.594
2025-12-15 17:48:52,715 13876 DEBUG wellness odoo.addons.http_routing.models.ir_http: '/web/login' (lang: 'es') no lang in url and default website, continue 
2025-12-15 17:48:52,722 13876 DEBUG wellness odoo.http: Couldn't load Geoip City file at d:\usr\share\geoip\geolite2-city.mmdb. IP Resolver disabled. 
Traceback (most recent call last):
  File "D:\Manuel\Empresas\ERP\OpenSource\odoo\odoo\http.py", line 2462, in geoip_city_db
    return geoip2.database.Reader(config['geoip_city_db'])
           ^^^^^^^^^^^^^^^^^^^^^^^^^^^^^^^^^^^^^^^^^^^^^^^
  File "D:\Manuel\Empresas\ERP\OpenSource\odoo\venv\Lib\site-packages\geoip2\database.py", line 86, in __init__
    self._db_reader = maxminddb.open_database(fileish, mode)
                      ^^^^^^^^^^^^^^^^^^^^^^^^^^^^^^^^^^^^^^
  File "D:\Manuel\Empresas\ERP\OpenSource\odoo\venv\Lib\site-packages\maxminddb\__init__.py", line 87, in open_database
    return cast("Reader", _extension.Reader(database, mode))
                          ^^^^^^^^^^^^^^^^^^^^^^^^^^^^^^^^^
FileNotFoundError: [Errno 2] No such file or directory: b'd:\\usr\\share\\geoip\\geolite2-city.mmdb'
2025-12-15 17:48:52,789 13876 INFO wellness werkzeug: 127.0.0.1 - - [15/Dec/2025 17:48:52] "GET /web/login HTTP/1.1" 200 - 18 0.013 0.066
2025-12-15 17:48:59,782 13876 DEBUG wellness odoo.addons.http_routing.models.ir_http: '/web/login' (lang: 'es') no lang in url and default website, continue 
2025-12-15 17:48:59,789 13876 DEBUG wellness odoo.http: Couldn't load Geoip City file at d:\usr\share\geoip\geolite2-city.mmdb. IP Resolver disabled. 
Traceback (most recent call last):
  File "D:\Manuel\Empresas\ERP\OpenSource\odoo\odoo\http.py", line 2462, in geoip_city_db
    return geoip2.database.Reader(config['geoip_city_db'])
           ^^^^^^^^^^^^^^^^^^^^^^^^^^^^^^^^^^^^^^^^^^^^^^^
  File "D:\Manuel\Empresas\ERP\OpenSource\odoo\venv\Lib\site-packages\geoip2\database.py", line 86, in __init__
    self._db_reader = maxminddb.open_database(fileish, mode)
                      ^^^^^^^^^^^^^^^^^^^^^^^^^^^^^^^^^^^^^^
  File "D:\Manuel\Empresas\ERP\OpenSource\odoo\venv\Lib\site-packages\maxminddb\__init__.py", line 87, in open_database
    return cast("Reader", _extension.Reader(database, mode))
                          ^^^^^^^^^^^^^^^^^^^^^^^^^^^^^^^^^
FileNotFoundError: [Errno 2] No such file or directory: b'd:\\usr\\share\\geoip\\geolite2-city.mmdb'
2025-12-15 17:49:01,014 13876 INFO wellness odoo.addons.base.models.res_users: Login successful for db:wellness login:admin from 127.0.0.1 
2025-12-15 17:49:01,049 13876 INFO wellness odoo.models.unlink: User #4 deleted website.visitor records with IDs: [29] 
2025-12-15 17:49:01,064 13876 INFO wellness werkzeug: 127.0.0.1 - - [15/Dec/2025 17:49:01] "POST /web/login HTTP/1.1" 303 - 57 0.107 1.178
2025-12-15 17:49:01,085 13876 DEBUG wellness odoo.http: Couldn't load Geoip Country file ([Errno 2] No such file or directory: b'd:\\usr\\share\\geoip\\geolite2-country.mmdb'). Fallbacks on Geoip City. 
2025-12-15 17:49:01,085 13876 DEBUG wellness odoo.http: Couldn't load Geoip City file at d:\usr\share\geoip\geolite2-city.mmdb. IP Resolver disabled. 
Traceback (most recent call last):
  File "D:\Manuel\Empresas\ERP\OpenSource\odoo\odoo\http.py", line 1217, in _country_record
    return root.geoip_country_db.country(self.ip)
           ^^^^^^^^^^^^^^^^^^^^^
  File "D:\Manuel\Empresas\ERP\OpenSource\odoo\odoo\tools\func.py", line 42, in __get__
    value = self.fget(obj)
            ^^^^^^^^^^^^^^
  File "D:\Manuel\Empresas\ERP\OpenSource\odoo\odoo\http.py", line 2473, in geoip_country_db
    return geoip2.database.Reader(config['geoip_country_db'])
           ^^^^^^^^^^^^^^^^^^^^^^^^^^^^^^^^^^^^^^^^^^^^^^^^^^
  File "D:\Manuel\Empresas\ERP\OpenSource\odoo\venv\Lib\site-packages\geoip2\database.py", line 86, in __init__
    self._db_reader = maxminddb.open_database(fileish, mode)
                      ^^^^^^^^^^^^^^^^^^^^^^^^^^^^^^^^^^^^^^
  File "D:\Manuel\Empresas\ERP\OpenSource\odoo\venv\Lib\site-packages\maxminddb\__init__.py", line 87, in open_database
    return cast("Reader", _extension.Reader(database, mode))
                          ^^^^^^^^^^^^^^^^^^^^^^^^^^^^^^^^^
FileNotFoundError: [Errno 2] No such file or directory: b'd:\\usr\\share\\geoip\\geolite2-country.mmdb'

During handling of the above exception, another exception occurred:

Traceback (most recent call last):
  File "D:\Manuel\Empresas\ERP\OpenSource\odoo\odoo\http.py", line 2462, in geoip_city_db
    return geoip2.database.Reader(config['geoip_city_db'])
           ^^^^^^^^^^^^^^^^^^^^^^^^^^^^^^^^^^^^^^^^^^^^^^^
  File "D:\Manuel\Empresas\ERP\OpenSource\odoo\venv\Lib\site-packages\geoip2\database.py", line 86, in __init__
    self._db_reader = maxminddb.open_database(fileish, mode)
                      ^^^^^^^^^^^^^^^^^^^^^^^^^^^^^^^^^^^^^^
  File "D:\Manuel\Empresas\ERP\OpenSource\odoo\venv\Lib\site-packages\maxminddb\__init__.py", line 87, in open_database
    return cast("Reader", _extension.Reader(database, mode))
                          ^^^^^^^^^^^^^^^^^^^^^^^^^^^^^^^^^
FileNotFoundError: [Errno 2] No such file or directory: b'd:\\usr\\share\\geoip\\geolite2-city.mmdb'
2025-12-15 17:49:01,090 13876 INFO wellness odoo.addons.base.models.res_device: User 2 inserts device log (LCEz1Lgmsm6Snzy86h6R_Mdg6QTcPc67QJwulcvJK3) 
2025-12-15 17:49:06,154 13876 INFO wellness werkzeug: 127.0.0.1 - - [15/Dec/2025 17:49:06] "GET /odoo HTTP/1.1" 200 - 103 0.084 4.994
2025-12-15 17:49:06,657 13876 DEBUG ? odoo.modules.module: module __init__.py: no manifest file found ('__manifest__.py', '__openerp__.py') 
2025-12-15 17:49:06,657 13876 DEBUG ? odoo.modules.module: module __pycache__: no manifest file found ('__manifest__.py', '__openerp__.py') 
2025-12-15 17:49:06,837 13876 INFO wellness werkzeug: 127.0.0.1 - - [15/Dec/2025 17:49:06] "GET /web/manifest.webmanifest HTTP/1.1" 200 - 9 0.020 0.147
2025-12-15 17:49:06,837 13876 INFO wellness werkzeug: 127.0.0.1 - - [15/Dec/2025 17:49:06] "POST /mail/data HTTP/1.1" 200 - 27 0.043 0.124
2025-12-15 17:49:06,863 13876 INFO wellness werkzeug: 127.0.0.1 - - [15/Dec/2025 17:49:06] "GET /web/image?model=res.users&field=avatar_128&id=2 HTTP/1.1" 304 - 9 0.019 0.157
2025-12-15 17:49:06,865 13876 INFO wellness werkzeug: 127.0.0.1 - - [15/Dec/2025 17:49:06] "GET /bus/websocket_worker_bundle?v=18.0-5 HTTP/1.1" 304 - 4 0.020 0.158
2025-12-15 17:49:06,948 13876 DEBUG ? odoo.modules.module: module l10n_es_pos_tbai: no manifest file found ('__manifest__.py', '__openerp__.py') 
2025-12-15 17:49:06,948 13876 DEBUG ? odoo.modules.module: module l10n_es_pos_tbai: no manifest file found ('__manifest__.py', '__openerp__.py') 
2025-12-15 17:49:07,374 13876 INFO wellness werkzeug: 127.0.0.1 - - [15/Dec/2025 17:49:07] "GET /websocket?version=18.0-5 HTTP/1.1" 101 - 1 0.002 0.014
2025-12-15 17:49:07,724 13876 INFO ? odoo.addons.bus.models.bus: Bus.loop listen imbus on db postgres 
2025-12-15 17:49:07,900 13876 DEBUG ? odoo.modules.module: module website_twitter: no manifest file found ('__manifest__.py', '__openerp__.py') 
2025-12-15 17:49:07,900 13876 DEBUG ? odoo.modules.module: module website_twitter: no manifest file found ('__manifest__.py', '__openerp__.py') 
2025-12-15 17:49:07,911 13876 DEBUG wellness odoo.api: call mail.push.device().register_devices(endpoint='https://fcm.googleapis.com/fcm/send/cZFViSjVxVk:APA91bHONTzuRyYNSgbwULOykIr7UioP-NMjMxcrzb7jdMiqAl0vaIXQRCoImYG-ibRbXih2BSLfqNJ1msKB2i4Rmhd0S2Jk1026YP6DF_CgYmUNn3MJR8JZ2dCrltqxibAqC2lC5kHU', expirationTime=None, keys={'p256dh': 'BJgckEBs1s5h49IB8JKrQEv0_798FX9oS-JXKQfLtZXd84N3Mg1fk8lkEdf3NZrXEafZiAllxv3_hOiFqrbES8s', 'auth': 'w1cXLP3jFFn1kcoMljcYiQ'}, vapid_public_key='BDJUfVv3HfgKVTVoRoFCuRZGjFh5yWIlFPn-asH-AG5UL2NsxsrUAbhw1luyTKuScsZwLvmw_SSofZzZ-idbQy4') 
2025-12-15 17:49:07,922 13876 INFO wellness werkzeug: 127.0.0.1 - - [15/Dec/2025 17:49:07] "POST /web/dataset/call_kw/mail.push.device/register_devices HTTP/1.1" 200 - 7 0.006 1.246
2025-12-15 17:49:07,923 13876 INFO wellness werkzeug: 127.0.0.1 - - [15/Dec/2025 17:49:07] "POST /web/action/load HTTP/1.1" 200 - 7 0.013 1.290
2025-12-15 17:49:08,378 13876 INFO wellness werkzeug: 127.0.0.1 - - [15/Dec/2025 17:49:08] "POST /mail/data HTTP/1.1" 200 - 39 0.061 0.011
2025-12-15 17:49:08,556 13876 INFO wellness werkzeug: 127.0.0.1 - - [15/Dec/2025 17:49:08] "POST /mail/inbox/messages HTTP/1.1" 200 - 5 0.000 0.000
2025-12-15 17:49:08,691 13876 INFO wellness werkzeug: 127.0.0.1 - - [15/Dec/2025 17:49:08] "GET /web/service-worker.js HTTP/1.1" 200 - 1 0.000 0.000
2025-12-15 17:49:10,277 13876 INFO wellness werkzeug: 127.0.0.1 - - [15/Dec/2025 17:49:10] "POST /web/action/load HTTP/1.1" 200 - 9 0.004 0.003
2025-12-15 17:49:10,631 13876 DEBUG wellness odoo.api: call res.config.settings().get_views(options={'action_id': 85, 'embedded_action_id': False, 'embedded_parent_res_id': False, 'load_filters': False, 'toolbar': False}, views=[[False, 'form']]) 
2025-12-15 17:49:12,869 13876 INFO wellness werkzeug: 127.0.0.1 - - [15/Dec/2025 17:49:12] "POST /web/dataset/call_kw/res.config.settings/get_views HTTP/1.1" 200 - 422 0.225 2.018
2025-12-15 17:49:12,894 13876 DEBUG wellness odoo.api: call res.config.settings().onchange({}, [], {'is_root_company': {}, 'active_user_count': {}, 'language_count': {}, 'company_id': {'fields': {'display_name': {}}}, 'company_name': {}, 'company_informations': {}, 'company_count': {}, 'external_report_layout_id': {'fields': {'display_name': {}}}, 'email_primary_color': {}, 'email_secondary_color': {}, 'product_weight_in_lbs': {}, 'product_volume_volume_in_cubic_feet': {}, 'external_email_server_default': {}, 'alias_domain_id': {'fields': {'display_name': {}}}, 'module_google_gmail': {}, 'google_gmail_client_identifier': {}, 'google_gmail_client_secret': {}, 'module_microsoft_outlook': {}, 'digest_emails': {}, 'digest_id': {'fields': {'display_name': {}}}, 'restrict_template_rendering': {}, 'use_twilio_rtc_servers': {}, 'twilio_account_sid': {}, 'twilio_account_token': {}, 'sfu_server_url': {}, 'sfu_server_key': {}, 'tenor_api_key': {}, 'tenor_content_filter': {}, 'tenor_gif_limit': {}, 'google_translate_api_key': {}, 'module_sms': {}, 'module_partner_autocomplete': {}, 'auth_signup_reset_password': {}, 'user_default_rights': {}, 'portal_allow_api_keys': {}, 'module_base_import': {}, 'show_effect': {}, 'web_app_name': {}, 'module_mail_plugin': {}, 'module_product_images': {}, 'module_auth_oauth': {}, 'module_auth_ldap': {}, 'module_web_unsplash': {}, 'unsplash_access_key': {}, 'unsplash_app_id': {}, 'module_base_geolocalize': {}, 'module_google_recaptcha': {}, 'recaptcha_public_key': {}, 'recaptcha_private_key': {}, 'recaptcha_min_score': {}, 'module_website_cf_turnstile': {}, 'profiling_enabled_until': {}, 'group_product_variant': {}, 'module_sale_product_matrix': {}, 'group_uom': {}, 'module_product_email_template': {}, 'group_stock_packaging': {}, 'group_discount_per_so_line': {}, 'module_loyalty': {}, 'group_product_pricelist': {}, 'auth_signup_uninvited': {}, 'module_sale_margin': {}, 'portal_confirmation_sign': {}, 'group_sale_order_template': {}, 'company_so_template_id': {'fields': {'display_name': {}}}, 'portal_confirmation_pay': {}, 'prepayment_percent': {}, 'quotation_validity_days': {}, 'group_warning_sale': {}, 'module_sale_pdf_quote_builder': {}, 'group_auto_done_setting': {}, 'group_proforma_sales': {}, 'module_delivery': {}, 'module_delivery_bpost': {}, 'module_delivery_easypost': {}, 'module_delivery_sendcloud': {}, 'module_delivery_shiprocket': {}, 'module_delivery_starshipit': {}, 'default_invoice_policy': {}, 'automatic_invoice': {}, 'invoice_mail_template_id': {'fields': {'display_name': {}}}, 'module_sale_commission': {}, 'module_sale_amazon': {}, 'website_id': {'fields': {'display_name': {}}}, 'website_domain': {}, 'language_ids': {'fields': {'display_name': {}}}, 'website_language_count': {}, 'website_default_lang_id': {'fields': {'display_name': {}}}, 'website_name': {}, 'favicon': {}, 'write_date': {}, 'providers_state': {}, 'is_stripe_supported_country': {}, 'first_provider_label': {}, 'module_website_livechat': {}, 'module_marketing_automation': {}, 'website_cookies_bar': {}, 'website_block_third_party_domains': {}, 'has_google_analytics': {}, 'google_analytics_key': {}, 'cdn_activated': {}, 'cdn_url': {}, 'cdn_filters': {}, 'has_default_share_image': {}, 'social_default_image': {}, 'has_google_search_console': {}, 'google_search_console': {}, 'has_plausible_shared_key': {}, 'plausible_shared_key': {}, 'plausible_site': {}, 'po_double_validation': {}, 'company_currency_id': {'fields': {}}, 'po_lock': {}, 'po_order_approval': {}, 'po_double_validation_amount': {}, 'lock_confirmed_po': {}, 'group_warning_purchase': {}, 'module_purchase_requisition': {}, 'group_send_reminder': {}, 'default_purchase_method': {}, 'module_account_3way_match': {}, 'module_purchase_product_matrix': {}, 'is_installed_sale': {}, 'module_stock_dropshipping': {}, 'group_stock_tracking_lot': {}, 'module_stock_picking_batch': {}, 'group_warning_stock': {}, 'default_picking_policy': {}, 'module_quality_control': {}, 'module_quality_control_worksheet': {}, 'annual_inventory_day': {}, 'annual_inventory_month': {}, 'group_stock_reception_report': {}, 'module_stock_barcode': {}, 'module_stock_barcode_barcodelookup': {}, 'module_stock_fleet': {}, 'stock_move_email_validation': {}, 'stock_move_sms_validation': {}, 'stock_sms_confirmation_template_id': {'fields': {'display_name': {}}, 'context': {'default_model': 'stock.picking'}}, 'group_stock_sign_delivery': {}, 'group_stock_production_lot': {}, 'group_stock_lot_print_gs1': {}, 'barcode_separator': {}, 'module_product_expiry': {}, 'group_lot_on_delivery_slip': {}, 'group_stock_tracking_owner': {}, 'module_stock_landed_costs': {}, 'group_lot_on_invoice': {}, 'group_stock_multi_locations': {}, 'group_stock_adv_location': {}, 'use_security_lead': {}, 'security_lead': {}, 'use_po_lead': {}, 'po_lead': {}, 'days_to_purchase': {}, 'group_mrp_routings': {}, 'group_mrp_workorder_dependencies': {}, 'module_mrp_subcontracting': {}, 'group_unlocked_by_default': {}, 'group_mrp_byproducts': {}, 'group_mrp_reception_report': {}, 'module_mrp_mps': {}, 'use_manufacturing_lead': {}, 'manufacturing_lead': {}, 'country_code': {}, 'has_chart_of_accounts': {}, 'has_accounting_entries': {}, 'chart_template': {}, 'sale_tax_id': {'fields': {'display_name': {}}}, 'purchase_tax_id': {'fields': {'display_name': {}}}, 'account_price_include': {}, 'tax_calculation_rounding_method': {}, 'module_l10n_eu_oss': {}, 'vat_check_vies': {}, 'tax_exigibility': {}, 'tax_cash_basis_journal_id': {'fields': {'display_name': {}}}, 'account_cash_basis_base_account_id': {'fields': {'display_name': {}}}, 'account_fiscal_country_id': {'fields': {'display_name': {}}}, 'currency_id': {'fields': {'display_name': {}}, 'context': {'active_test': False}}, 'group_multi_currency': {}, 'module_currency_rate_live': {}, 'module_snailmail_account': {}, 'snailmail_color': {}, 'snailmail_duplex': {}, 'snailmail_cover': {}, 'group_sale_delivery_address': {}, 'group_warning_account': {}, 'group_cash_rounding': {}, 'module_account_intrastat': {}, 'incoterm_id': {'fields': {'display_name': {}}}, 'group_show_sale_receipts': {}, 'use_invoice_terms': {}, 'terms_type': {}, 'invoice_terms': {}, 'preview_ready': {}, 'account_use_credit_limit': {}, 'account_default_credit_limit': {}, 'display_invoice_amount_total_words': {}, 'display_invoice_tax_company_currency': {}, 'pay_invoices_online': {}, 'module_account_batch_payment': {}, 'module_account_sepa_direct_debit': {}, 'qr_code': {}, 'group_show_purchase_receipts': {}, 'autopost_bills': {}, 'module_account_check_printing': {}, 'module_account_iso20022': {}, 'module_account_extract': {}, 'currency_exchange_journal_id': {'fields': {'display_name': {}}}, 'income_currency_exchange_account_id': {'fields': {'display_name': {}}}, 'expense_currency_exchange_account_id': {'fields': {'display_name': {}}}, 'account_journal_suspense_account_id': {'fields': {'display_name': {}}}, 'transfer_account_id': {'fields': {'display_name': {}}}, 'account_discount_expense_allocation_id': {'fields': {'display_name': {}}}, 'account_discount_income_allocation_id': {'fields': {'display_name': {}}}, 'account_journal_early_pay_discount_gain_account_id': {'fields': {'display_name': {}}}, 'account_journal_early_pay_discount_loss_account_id': {'fields': {'display_name': {}}}, 'module_account_bank_statement_import_csv': {}, 'module_account_bank_statement_import_qif': {}, 'module_account_bank_statement_import_ofx': {}, 'module_account_bank_statement_import_camt': {}, 'module_account_reports': {}, 'group_analytic_accounting': {}, 'module_account_budget': {}, 'module_product_margin': {}, 'is_account_peppol_eligible': {}, 'module_account_peppol': {}, 'account_storno': {}, 'quick_edit_mode': {}, 'check_account_audit_trail': {}, 'module_hr_attendance': {}, 'hr_presence_control_login': {}, 'module_hr_presence': {}, 'hr_presence_control_email': {}, 'hr_presence_control_ip': {}, 'hr_presence_control_email_amount': {}, 'hr_presence_control_ip_list': {}, 'module_hr_skills': {}, 'module_hr_homeworking': {}, 'resource_calendar_id': {'fields': {'display_name': {}}}, 'hr_employee_self_edit': {}, 'delay_alert_contract': {}, 'snailmail_cover_readonly': {}, 'display_name': {}}) 
2025-12-15 17:49:13,095 13876 INFO wellness werkzeug: 127.0.0.1 - - [15/Dec/2025 17:49:13] "POST /web/dataset/call_kw/res.config.settings/onchange HTTP/1.1" 200 - 218 0.094 0.113
2025-12-15 17:49:13,495 13876 INFO wellness werkzeug: 127.0.0.1 - - [15/Dec/2025 17:49:13] "POST /base_setup/demo_active HTTP/1.1" 200 - 2 0.000 0.000
2025-12-15 17:49:14,694 13876 INFO wellness werkzeug: 127.0.0.1 - - [15/Dec/2025 17:49:14] "POST /base_setup/data HTTP/1.1" 200 - 6 0.000 1.199
2025-12-15 17:49:18,080 13876 INFO wellness werkzeug: 127.0.0.1 - - [15/Dec/2025 17:49:18] "GET /odoo/settings?debug=1 HTTP/1.1" 200 - 20 0.019 0.012
2025-12-15 17:49:18,373 13876 INFO wellness werkzeug: 127.0.0.1 - - [15/Dec/2025 17:49:18] "POST /web/action/load HTTP/1.1" 200 - 10 0.007 0.017
2025-12-15 17:49:18,522 13876 INFO wellness werkzeug: 127.0.0.1 - - [15/Dec/2025 17:49:18] "POST /mail/data HTTP/1.1" 200 - 17 0.012 0.021
2025-12-15 17:49:18,570 13876 DEBUG wellness odoo.api: call mail.push.device().register_devices(endpoint='https://fcm.googleapis.com/fcm/send/cZFViSjVxVk:APA91bHONTzuRyYNSgbwULOykIr7UioP-NMjMxcrzb7jdMiqAl0vaIXQRCoImYG-ibRbXih2BSLfqNJ1msKB2i4Rmhd0S2Jk1026YP6DF_CgYmUNn3MJR8JZ2dCrltqxibAqC2lC5kHU', expirationTime=None, keys={'p256dh': 'BJgckEBs1s5h49IB8JKrQEv0_798FX9oS-JXKQfLtZXd84N3Mg1fk8lkEdf3NZrXEafZiAllxv3_hOiFqrbES8s', 'auth': 'w1cXLP3jFFn1kcoMljcYiQ'}, vapid_public_key='BDJUfVv3HfgKVTVoRoFCuRZGjFh5yWIlFPn-asH-AG5UL2NsxsrUAbhw1luyTKuScsZwLvmw_SSofZzZ-idbQy4') 
2025-12-15 17:49:18,570 13876 DEBUG wellness odoo.api: call res.config.settings().get_views(options={'action_id': 85, 'embedded_action_id': False, 'embedded_parent_res_id': False, 'load_filters': False, 'toolbar': False}, views=[[False, 'form']]) 
2025-12-15 17:49:18,591 13876 INFO wellness werkzeug: 127.0.0.1 - - [15/Dec/2025 17:49:18] "POST /web/dataset/call_kw/mail.push.device/register_devices HTTP/1.1" 200 - 6 0.002 0.024
2025-12-15 17:49:18,600 13876 INFO wellness werkzeug: 127.0.0.1 - - [15/Dec/2025 17:49:18] "GET /web/manifest.webmanifest HTTP/1.1" 200 - 7 0.030 0.000
2025-12-15 17:49:18,651 13876 INFO wellness werkzeug: 127.0.0.1 - - [15/Dec/2025 17:49:18] "GET /web/image?model=res.users&field=avatar_128&id=2 HTTP/1.1" 304 - 9 0.065 0.016
2025-12-15 17:49:18,700 13876 INFO wellness werkzeug: 127.0.0.1 - - [15/Dec/2025 17:49:18] "GET /bus/websocket_worker_bundle?v=18.0-5 HTTP/1.1" 304 - 3 0.000 0.016
2025-12-15 17:49:18,901 13876 INFO wellness werkzeug: 127.0.0.1 - - [15/Dec/2025 17:49:18] "POST /web/dataset/call_kw/res.config.settings/get_views HTTP/1.1" 200 - 265 0.105 0.227
2025-12-15 17:49:19,019 13876 INFO wellness werkzeug: 127.0.0.1 - - [15/Dec/2025 17:49:19] "GET /websocket?version=18.0-5 HTTP/1.1" 101 - 1 0.000 0.001
2025-12-15 17:49:19,235 13876 DEBUG wellness odoo.api: call res.config.settings().onchange({}, [], {'is_root_company': {}, 'active_user_count': {}, 'language_count': {}, 'company_id': {'fields': {'display_name': {}}}, 'company_name': {}, 'company_informations': {}, 'company_count': {}, 'external_report_layout_id': {'fields': {'display_name': {}}}, 'email_primary_color': {}, 'email_secondary_color': {}, 'product_weight_in_lbs': {}, 'product_volume_volume_in_cubic_feet': {}, 'external_email_server_default': {}, 'alias_domain_id': {'fields': {'display_name': {}}}, 'module_google_gmail': {}, 'google_gmail_client_identifier': {}, 'google_gmail_client_secret': {}, 'module_microsoft_outlook': {}, 'digest_emails': {}, 'digest_id': {'fields': {'display_name': {}}}, 'restrict_template_rendering': {}, 'use_twilio_rtc_servers': {}, 'twilio_account_sid': {}, 'twilio_account_token': {}, 'sfu_server_url': {}, 'sfu_server_key': {}, 'tenor_api_key': {}, 'tenor_content_filter': {}, 'tenor_gif_limit': {}, 'google_translate_api_key': {}, 'module_sms': {}, 'module_partner_autocomplete': {}, 'auth_signup_reset_password': {}, 'user_default_rights': {}, 'portal_allow_api_keys': {}, 'module_base_import': {}, 'show_effect': {}, 'web_app_name': {}, 'module_mail_plugin': {}, 'module_product_images': {}, 'module_auth_oauth': {}, 'module_auth_ldap': {}, 'module_web_unsplash': {}, 'unsplash_access_key': {}, 'unsplash_app_id': {}, 'module_base_geolocalize': {}, 'module_google_recaptcha': {}, 'recaptcha_public_key': {}, 'recaptcha_private_key': {}, 'recaptcha_min_score': {}, 'module_website_cf_turnstile': {}, 'profiling_enabled_until': {}, 'group_product_variant': {}, 'module_sale_product_matrix': {}, 'group_uom': {}, 'module_product_email_template': {}, 'group_stock_packaging': {}, 'group_discount_per_so_line': {}, 'module_loyalty': {}, 'group_product_pricelist': {}, 'auth_signup_uninvited': {}, 'module_sale_margin': {}, 'portal_confirmation_sign': {}, 'group_sale_order_template': {}, 'company_so_template_id': {'fields': {'display_name': {}}}, 'portal_confirmation_pay': {}, 'prepayment_percent': {}, 'quotation_validity_days': {}, 'group_warning_sale': {}, 'module_sale_pdf_quote_builder': {}, 'group_auto_done_setting': {}, 'group_proforma_sales': {}, 'module_delivery': {}, 'module_delivery_bpost': {}, 'module_delivery_easypost': {}, 'module_delivery_sendcloud': {}, 'module_delivery_shiprocket': {}, 'module_delivery_starshipit': {}, 'default_invoice_policy': {}, 'automatic_invoice': {}, 'invoice_mail_template_id': {'fields': {'display_name': {}}}, 'module_sale_commission': {}, 'module_sale_amazon': {}, 'website_id': {'fields': {'display_name': {}}}, 'website_domain': {}, 'language_ids': {'fields': {'display_name': {}}}, 'website_language_count': {}, 'website_default_lang_id': {'fields': {'display_name': {}}}, 'website_name': {}, 'favicon': {}, 'write_date': {}, 'providers_state': {}, 'is_stripe_supported_country': {}, 'first_provider_label': {}, 'module_website_livechat': {}, 'module_marketing_automation': {}, 'website_cookies_bar': {}, 'website_block_third_party_domains': {}, 'has_google_analytics': {}, 'google_analytics_key': {}, 'cdn_activated': {}, 'cdn_url': {}, 'cdn_filters': {}, 'has_default_share_image': {}, 'social_default_image': {}, 'has_google_search_console': {}, 'google_search_console': {}, 'has_plausible_shared_key': {}, 'plausible_shared_key': {}, 'plausible_site': {}, 'po_double_validation': {}, 'company_currency_id': {'fields': {}}, 'po_lock': {}, 'po_order_approval': {}, 'po_double_validation_amount': {}, 'lock_confirmed_po': {}, 'group_warning_purchase': {}, 'module_purchase_requisition': {}, 'group_send_reminder': {}, 'default_purchase_method': {}, 'module_account_3way_match': {}, 'module_purchase_product_matrix': {}, 'is_installed_sale': {}, 'module_stock_dropshipping': {}, 'group_stock_tracking_lot': {}, 'module_stock_picking_batch': {}, 'group_warning_stock': {}, 'default_picking_policy': {}, 'module_quality_control': {}, 'module_quality_control_worksheet': {}, 'annual_inventory_day': {}, 'annual_inventory_month': {}, 'group_stock_reception_report': {}, 'module_stock_barcode': {}, 'module_stock_barcode_barcodelookup': {}, 'module_stock_fleet': {}, 'stock_move_email_validation': {}, 'stock_move_sms_validation': {}, 'stock_sms_confirmation_template_id': {'fields': {'display_name': {}}, 'context': {'default_model': 'stock.picking'}}, 'group_stock_sign_delivery': {}, 'group_stock_production_lot': {}, 'group_stock_lot_print_gs1': {}, 'barcode_separator': {}, 'module_product_expiry': {}, 'group_lot_on_delivery_slip': {}, 'group_stock_tracking_owner': {}, 'module_stock_landed_costs': {}, 'group_lot_on_invoice': {}, 'group_stock_multi_locations': {}, 'group_stock_adv_location': {}, 'use_security_lead': {}, 'security_lead': {}, 'use_po_lead': {}, 'po_lead': {}, 'days_to_purchase': {}, 'group_mrp_routings': {}, 'group_mrp_workorder_dependencies': {}, 'module_mrp_subcontracting': {}, 'group_unlocked_by_default': {}, 'group_mrp_byproducts': {}, 'group_mrp_reception_report': {}, 'module_mrp_mps': {}, 'use_manufacturing_lead': {}, 'manufacturing_lead': {}, 'country_code': {}, 'has_chart_of_accounts': {}, 'has_accounting_entries': {}, 'chart_template': {}, 'sale_tax_id': {'fields': {'display_name': {}}}, 'purchase_tax_id': {'fields': {'display_name': {}}}, 'account_price_include': {}, 'tax_calculation_rounding_method': {}, 'module_l10n_eu_oss': {}, 'vat_check_vies': {}, 'tax_exigibility': {}, 'tax_cash_basis_journal_id': {'fields': {'display_name': {}}}, 'account_cash_basis_base_account_id': {'fields': {'display_name': {}}}, 'account_fiscal_country_id': {'fields': {'display_name': {}}}, 'currency_id': {'fields': {'display_name': {}}, 'context': {'active_test': False}}, 'group_multi_currency': {}, 'module_currency_rate_live': {}, 'module_snailmail_account': {}, 'snailmail_color': {}, 'snailmail_duplex': {}, 'snailmail_cover': {}, 'group_sale_delivery_address': {}, 'group_warning_account': {}, 'group_cash_rounding': {}, 'module_account_intrastat': {}, 'incoterm_id': {'fields': {'display_name': {}}}, 'group_show_sale_receipts': {}, 'use_invoice_terms': {}, 'terms_type': {}, 'invoice_terms': {}, 'preview_ready': {}, 'account_use_credit_limit': {}, 'account_default_credit_limit': {}, 'display_invoice_amount_total_words': {}, 'display_invoice_tax_company_currency': {}, 'pay_invoices_online': {}, 'module_account_batch_payment': {}, 'module_account_sepa_direct_debit': {}, 'qr_code': {}, 'group_show_purchase_receipts': {}, 'autopost_bills': {}, 'module_account_check_printing': {}, 'module_account_iso20022': {}, 'module_account_extract': {}, 'currency_exchange_journal_id': {'fields': {'display_name': {}}}, 'income_currency_exchange_account_id': {'fields': {'display_name': {}}}, 'expense_currency_exchange_account_id': {'fields': {'display_name': {}}}, 'account_journal_suspense_account_id': {'fields': {'display_name': {}}}, 'transfer_account_id': {'fields': {'display_name': {}}}, 'account_discount_expense_allocation_id': {'fields': {'display_name': {}}}, 'account_discount_income_allocation_id': {'fields': {'display_name': {}}}, 'account_journal_early_pay_discount_gain_account_id': {'fields': {'display_name': {}}}, 'account_journal_early_pay_discount_loss_account_id': {'fields': {'display_name': {}}}, 'module_account_bank_statement_import_csv': {}, 'module_account_bank_statement_import_qif': {}, 'module_account_bank_statement_import_ofx': {}, 'module_account_bank_statement_import_camt': {}, 'module_account_reports': {}, 'group_analytic_accounting': {}, 'module_account_budget': {}, 'module_product_margin': {}, 'is_account_peppol_eligible': {}, 'module_account_peppol': {}, 'account_storno': {}, 'quick_edit_mode': {}, 'check_account_audit_trail': {}, 'module_hr_attendance': {}, 'hr_presence_control_login': {}, 'module_hr_presence': {}, 'hr_presence_control_email': {}, 'hr_presence_control_ip': {}, 'hr_presence_control_email_amount': {}, 'hr_presence_control_ip_list': {}, 'module_hr_skills': {}, 'module_hr_homeworking': {}, 'resource_calendar_id': {'fields': {'display_name': {}}}, 'hr_employee_self_edit': {}, 'delay_alert_contract': {}, 'snailmail_cover_readonly': {}, 'display_name': {}}) 
2025-12-15 17:49:19,351 13876 INFO wellness werkzeug: 127.0.0.1 - - [15/Dec/2025 17:49:19] "POST /web/dataset/call_kw/res.config.settings/onchange HTTP/1.1" 200 - 56 0.035 0.082
2025-12-15 17:49:19,501 13876 INFO wellness werkzeug: 127.0.0.1 - - [15/Dec/2025 17:49:19] "POST /base_setup/demo_active HTTP/1.1" 200 - 2 0.002 0.004
2025-12-15 17:49:19,785 13876 INFO wellness werkzeug: 127.0.0.1 - - [15/Dec/2025 17:49:19] "POST /base_setup/data HTTP/1.1" 200 - 5 0.000 0.000
2025-12-15 17:49:20,165 13876 INFO wellness werkzeug: 127.0.0.1 - - [15/Dec/2025 17:49:20] "GET /web/service-worker.js HTTP/1.1" 200 - 1 0.000 0.000
2025-12-15 17:49:27,605 13876 INFO wellness werkzeug: 127.0.0.1 - - [15/Dec/2025 17:49:27] "POST /web/action/load HTTP/1.1" 200 - 10 0.000 0.016
2025-12-15 17:49:27,844 13876 DEBUG wellness odoo.api: call ir.module.module().get_views(options={'action_id': 39, 'embedded_action_id': False, 'embedded_parent_res_id': False, 'load_filters': True, 'toolbar': True}, views=[[False, 'kanban'], [False, 'list'], [False, 'form'], [95, 'search']]) 
2025-12-15 17:49:27,947 13876 INFO wellness werkzeug: 127.0.0.1 - - [15/Dec/2025 17:49:27] "POST /web/dataset/call_kw/ir.module.module/get_views HTTP/1.1" 200 - 53 0.041 0.062
2025-12-15 17:49:27,957 13876 DEBUG wellness odoo.api: call ir.module.module().search_panel_select_range('module_type', category_domain=[], enable_counters=False, expand=True, filter_domain=[], hierarchize=True, limit=200, search_domain=['&', '!', ['name', '=like', 'theme_%'], ['application', '=', True]]) 
2025-12-15 17:49:27,958 13876 INFO wellness werkzeug: 127.0.0.1 - - [15/Dec/2025 17:49:27] "POST /web/dataset/call_kw/ir.module.module/search_panel_select_range HTTP/1.1" 200 - 1 0.000 0.005
2025-12-15 17:49:28,261 13876 DEBUG wellness odoo.api: call ir.module.module().search_panel_select_range('category_id', category_domain=[], enable_counters=True, expand=False, filter_domain=[], hierarchize=True, limit=200, search_domain=['&', '!', ['name', '=like', 'theme_%'], ['application', '=', True]]) 
2025-12-15 17:49:28,261 13876 DEBUG wellness odoo.api: call ir.module.module().web_search_read(count_limit=10001, domain=['&', '!', ['name', '=like', 'theme_%'], ['application', '=', True]], limit=80, offset=0, order='', specification={'to_buy': {}, 'name': {}, 'state': {}, 'summary': {}, 'website': {}, 'application': {}, 'module_type': {}, 'icon': {}, 'icon_flag': {}, 'shortdesc': {}}) 
2025-12-15 17:49:28,291 13876 DEBUG wellness odoo.modules.module: module mrp_workorder: no manifest file found ('__manifest__.py', '__openerp__.py') 
2025-12-15 17:49:28,295 13876 DEBUG wellness odoo.modules.module: module accountant: no manifest file found ('__manifest__.py', '__openerp__.py') 
2025-12-15 17:49:28,295 13876 DEBUG wellness odoo.modules.module: module knowledge: no manifest file found ('__manifest__.py', '__openerp__.py') 
2025-12-15 17:49:28,311 13876 DEBUG wellness odoo.modules.module: module timesheet_grid: no manifest file found ('__manifest__.py', '__openerp__.py') 
2025-12-15 17:49:28,311 13876 DEBUG wellness odoo.modules.module: module web_studio: no manifest file found ('__manifest__.py', '__openerp__.py') 
2025-12-15 17:49:28,311 13876 DEBUG wellness odoo.modules.module: module industry_fsm: no manifest file found ('__manifest__.py', '__openerp__.py') 
2025-12-15 17:49:28,328 13876 DEBUG wellness odoo.modules.module: module sign: no manifest file found ('__manifest__.py', '__openerp__.py') 
2025-12-15 17:49:28,328 13876 DEBUG wellness odoo.modules.module: module helpdesk: no manifest file found ('__manifest__.py', '__openerp__.py') 
2025-12-15 17:49:28,328 13876 DEBUG wellness odoo.modules.module: module sale_subscription: no manifest file found ('__manifest__.py', '__openerp__.py') 
2025-12-15 17:49:28,337 13876 INFO wellness werkzeug: 127.0.0.1 - - [15/Dec/2025 17:49:28] "POST /web/dataset/call_kw/ir.module.module/search_panel_select_range HTTP/1.1" 200 - 55 0.021 0.055
2025-12-15 17:49:28,337 13876 DEBUG wellness odoo.modules.module: module quality_control: no manifest file found ('__manifest__.py', '__openerp__.py') 
2025-12-15 17:49:28,337 13876 DEBUG wellness odoo.modules.module: module planning: no manifest file found ('__manifest__.py', '__openerp__.py') 
2025-12-15 17:49:28,346 13876 DEBUG wellness odoo.modules.module: module mrp_plm: no manifest file found ('__manifest__.py', '__openerp__.py') 
2025-12-15 17:49:28,347 13876 DEBUG wellness odoo.modules.module: module social: no manifest file found ('__manifest__.py', '__openerp__.py') 
2025-12-15 17:49:28,347 13876 DEBUG wellness odoo.modules.module: module hr_appraisal: no manifest file found ('__manifest__.py', '__openerp__.py') 
2025-12-15 17:49:28,347 13876 DEBUG wellness odoo.modules.module: module marketing_automation: no manifest file found ('__manifest__.py', '__openerp__.py') 
2025-12-15 17:49:28,347 13876 DEBUG wellness odoo.modules.module: module appointment: no manifest file found ('__manifest__.py', '__openerp__.py') 
2025-12-15 17:49:28,347 13876 DEBUG wellness odoo.modules.module: module web_mobile: no manifest file found ('__manifest__.py', '__openerp__.py') 
2025-12-15 17:49:28,347 13876 DEBUG wellness odoo.modules.module: module stock_barcode: no manifest file found ('__manifest__.py', '__openerp__.py') 
2025-12-15 17:49:28,347 13876 DEBUG wellness odoo.modules.module: module voip: no manifest file found ('__manifest__.py', '__openerp__.py') 
2025-12-15 17:49:28,347 13876 DEBUG wellness odoo.modules.module: module sale_amazon: no manifest file found ('__manifest__.py', '__openerp__.py') 
2025-12-15 17:49:28,361 13876 INFO wellness werkzeug: 127.0.0.1 - - [15/Dec/2025 17:49:28] "POST /web/dataset/call_kw/ir.module.module/web_search_read HTTP/1.1" 200 - 3 0.032 0.068
2025-12-15 17:49:36,048 13876 INFO wellness werkzeug: 127.0.0.1 - - [15/Dec/2025 17:49:36] "POST /web/action/load HTTP/1.1" 200 - 9 0.000 0.011
2025-12-15 17:49:36,316 13876 DEBUG wellness odoo.api: call base.module.update().get_views(options={'action_id': 43, 'embedded_action_id': False, 'embedded_parent_res_id': False, 'load_filters': False, 'toolbar': False}, views=[[False, 'form']]) 
2025-12-15 17:49:36,322 13876 INFO wellness werkzeug: 127.0.0.1 - - [15/Dec/2025 17:49:36] "POST /web/dataset/call_kw/base.module.update/get_views HTTP/1.1" 200 - 12 0.002 0.007
2025-12-15 17:49:36,374 13876 DEBUG wellness odoo.api: call base.module.update().onchange({}, [], {'updated': {}, 'added': {}, 'state': {}}) 
2025-12-15 17:49:36,376 13876 INFO wellness werkzeug: 127.0.0.1 - - [15/Dec/2025 17:49:36] "POST /web/dataset/call_kw/base.module.update/onchange HTTP/1.1" 200 - 2 0.001 0.003
2025-12-15 17:49:37,419 13876 DEBUG ? odoo.service.server: cron0 polling for jobs 
2025-12-15 17:49:38,064 13876 DEBUG wellness odoo.api: call base.module.update().web_save({}, specification={'updated': {}, 'added': {}, 'state': {}}) 
2025-12-15 17:49:38,075 13876 INFO wellness werkzeug: 127.0.0.1 - - [15/Dec/2025 17:49:38] "POST /web/dataset/call_kw/base.module.update/web_save HTTP/1.1" 200 - 5 0.000 0.011
2025-12-15 17:49:38,407 13876 DEBUG wellness odoo.api: call base.module.update(34,).update_module() 
2025-12-15 17:49:38,407 13876 INFO wellness odoo.addons.base.models.ir_module: ALLOW access to module.update_list on [] to user admin #2 via 127.0.0.1 
2025-12-15 17:49:38,467 13876 DEBUG ? odoo.service.server: cron1 polling for jobs 
2025-12-15 17:49:39,373 13876 INFO wellness werkzeug: 127.0.0.1 - - [15/Dec/2025 17:49:39] "POST /web/dataset/call_button/base.module.update/update_module HTTP/1.1" 200 - 1644 0.554 0.413
2025-12-15 17:49:40,077 13876 DEBUG wellness odoo.api: call ir.module.module().search_panel_select_range('category_id', category_domain=[], enable_counters=True, expand=False, filter_domain=[], hierarchize=True, limit=200, search_domain=['!', ['name', '=like', 'theme_%']]) 
2025-12-15 17:49:40,093 13876 INFO wellness werkzeug: 127.0.0.1 - - [15/Dec/2025 17:49:40] "POST /web/dataset/call_kw/ir.module.module/search_panel_select_range HTTP/1.1" 200 - 54 0.002 0.031
2025-12-15 17:49:40,417 13876 DEBUG wellness odoo.api: call ir.module.module().web_search_read(count_limit=10001, domain=['!', ['name', '=like', 'theme_%']], limit=80, offset=0, order='', specification={'to_buy': {}, 'name': {}, 'state': {}, 'summary': {}, 'website': {}, 'application': {}, 'module_type': {}, 'icon': {}, 'icon_flag': {}, 'shortdesc': {}}) 
2025-12-15 17:49:40,452 13876 INFO wellness werkzeug: 127.0.0.1 - - [15/Dec/2025 17:49:40] "POST /web/dataset/call_kw/ir.module.module/web_search_read HTTP/1.1" 200 - 4 0.005 0.035
2025-12-15 17:49:43,616 13876 DEBUG wellness odoo.api: call ir.module.module().search_panel_select_range('category_id', category_domain=[], enable_counters=True, expand=False, filter_domain=[], hierarchize=True, limit=200, search_domain=['&', '!', ['name', '=like', 'theme_%'], '|', '|', ['summary', 'ilike', 'audi'], ['shortdesc', 'ilike', 'audi'], ['name', 'ilike', 'audi']]) 
2025-12-15 17:49:43,662 13876 INFO wellness werkzeug: 127.0.0.1 - - [15/Dec/2025 17:49:43] "POST /web/dataset/call_kw/ir.module.module/search_panel_select_range HTTP/1.1" 200 - 54 0.010 0.040
2025-12-15 17:49:43,984 13876 DEBUG wellness odoo.api: call ir.module.module().web_search_read(count_limit=10001, domain=['&', '!', ['name', '=like', 'theme_%'], '|', '|', ['summary', 'ilike', 'audi'], ['shortdesc', 'ilike', 'audi'], ['name', 'ilike', 'audi']], limit=80, offset=0, order='', specification={'to_buy': {}, 'name': {}, 'state': {}, 'summary': {}, 'website': {}, 'application': {}, 'module_type': {}, 'icon': {}, 'icon_flag': {}, 'shortdesc': {}}) 
2025-12-15 17:49:43,988 13876 INFO wellness werkzeug: 127.0.0.1 - - [15/Dec/2025 17:49:43] "POST /web/dataset/call_kw/ir.module.module/web_search_read HTTP/1.1" 200 - 3 0.002 0.007
2025-12-15 17:49:47,196 13876 DEBUG wellness odoo.api: call ir.module.module(654,).button_immediate_upgrade() 
2025-12-15 17:49:47,201 13876 INFO wellness odoo.addons.base.models.ir_module: ALLOW access to module.button_immediate_upgrade on ['Auditoría de Logins'] to user admin #2 via 127.0.0.1 
2025-12-15 17:49:47,202 13876 INFO wellness odoo.addons.base.models.ir_module: ALLOW access to module.button_upgrade on ['Auditoría de Logins'] to user admin #2 via 127.0.0.1 
2025-12-15 17:49:47,202 13876 INFO wellness odoo.addons.base.models.ir_module: ALLOW access to module.update_list on ['Auditoría de Logins'] to user admin #2 via 127.0.0.1 
2025-12-15 17:49:48,192 13876 INFO wellness odoo.addons.base.models.ir_module: ALLOW access to module.button_install on [] to user admin #2 via 127.0.0.1 
2025-12-15 17:49:48,240 13876 DEBUG wellness odoo.modules.registry: Multiprocess load registry signaling: [Registry: 55] [Cache default: 45] [Cache assets: 2] [Cache templates: 4] [Cache routing: 1] [Cache groups: 3] 
2025-12-15 17:49:48,256 13876 INFO wellness odoo.modules.loading: loading 1 modules... 
2025-12-15 17:49:48,256 13876 DEBUG wellness odoo.modules.loading: Loading module base (1/1) 
2025-12-15 17:49:48,256 13876 DEBUG wellness odoo.modules.loading: Module base loaded in 0.00s, 0 queries 
2025-12-15 17:49:48,256 13876 INFO wellness odoo.modules.loading: 1 modules loaded in 0.00s, 0 queries (+0 extra) 
2025-12-15 17:49:48,288 13876 INFO wellness odoo.modules.loading: updating modules list 
2025-12-15 17:49:48,288 13876 INFO wellness odoo.addons.base.models.ir_module: ALLOW access to module.update_list on [] to user __system__ #1 via 127.0.0.1 
2025-12-15 17:49:49,137 13876 DEBUG wellness odoo.modules.loading: Updating graph with 92 more modules 
2025-12-15 17:49:49,138 13876 INFO wellness odoo.modules.loading: loading 93 modules... 
2025-12-15 17:49:49,138 13876 INFO wellness odoo.modules.loading: Loading module audit_login (2/93) 
2025-12-15 17:49:49,203 13876 INFO wellness odoo.modules.registry: module audit_login: creating or updating database tables 
2025-12-15 17:49:49,225 13876 DEBUG wellness odoo.schema: Table 'res_users': column 'notification_type': dropped constraint NOT NULL 
2025-12-15 17:49:49,238 13876 DEBUG wellness odoo.schema: Table 'res_users': dropped constraint 'res_users_login_key' 
2025-12-15 17:49:49,256 13876 DEBUG wellness odoo.schema: Table 'res_users': added constraint 'res_users_login_key' as UNIQUE (login) 
2025-12-15 17:49:49,349 13876 INFO wellness odoo.modules.loading: loading audit_login/security/ir.model.access.csv 
2025-12-15 17:49:49,360 13876 DEBUG wellness odoo.modules.registry: Invalidating default model caches from call_cache_clearing_methods D:\Manuel\Empresas\ERP\OpenSource\odoo\odoo\addons\base\models\ir_model.py:2144 
2025-12-15 17:49:49,363 13876 INFO wellness odoo.modules.loading: loading audit_login/views/audit_view.xml 
2025-12-15 17:49:49,374 13876 DEBUG wellness odoo.modules.registry: Invalidating templates model caches from write D:\Manuel\Empresas\ERP\OpenSource\odoo\odoo\addons\base\models\ir_ui_view.py:533 
2025-12-15 17:49:49,377 13876 DEBUG wellness odoo.modules.registry: Invalidating templates model caches from write D:\Manuel\Empresas\ERP\OpenSource\odoo\odoo\addons\base\models\ir_ui_view.py:533 
2025-12-15 17:49:49,397 13876 DEBUG wellness odoo.modules.registry: Invalidating templates model caches from write D:\Manuel\Empresas\ERP\OpenSource\odoo\odoo\addons\base\models\ir_ui_view.py:533 
2025-12-15 17:49:49,398 13876 DEBUG wellness odoo.modules.registry: Invalidating templates model caches from write D:\Manuel\Empresas\ERP\OpenSource\odoo\odoo\addons\base\models\ir_ui_view.py:533 
2025-12-15 17:49:49,408 13876 DEBUG wellness odoo.modules.registry: Invalidating default model caches from write D:\Manuel\Empresas\ERP\OpenSource\odoo\odoo\addons\base\models\ir_actions.py:114 
2025-12-15 17:49:49,413 13876 DEBUG wellness odoo.modules.registry: Invalidating default model caches from write D:\Manuel\Empresas\ERP\OpenSource\odoo\odoo\addons\base\models\ir_ui_menu.py:173 
2025-12-15 17:49:49,425 13876 INFO wellness odoo.addons.base.models.ir_module: module audit_login: no translation for language es_PE 
2025-12-15 17:49:49,438 13876 INFO wellness odoo.modules.loading: Module audit_login loaded in 0.30s, 113 queries (+113 other) 
2025-12-15 17:49:49,438 13876 DEBUG wellness odoo.modules.loading: Loading module social_media (3/93) 
2025-12-15 17:49:49,438 13876 DEBUG wellness odoo.modules.loading: Module social_media loaded in 0.00s, 0 queries 
2025-12-15 17:49:49,438 13876 DEBUG wellness odoo.modules.loading: Loading module uom (4/93) 
2025-12-15 17:49:49,439 13876 DEBUG wellness odoo.modules.loading: Module uom loaded in 0.00s, 0 queries 
2025-12-15 17:49:49,439 13876 DEBUG wellness odoo.modules.loading: Loading module web (5/93) 
2025-12-15 17:49:49,441 13876 DEBUG wellness odoo.modules.loading: Module web loaded in 0.00s, 0 queries 
2025-12-15 17:49:49,441 13876 DEBUG wellness odoo.modules.loading: Loading module auth_totp (6/93) 
2025-12-15 17:49:49,441 13876 DEBUG wellness odoo.modules.loading: Module auth_totp loaded in 0.00s, 0 queries 
2025-12-15 17:49:49,442 13876 DEBUG wellness odoo.modules.loading: Loading module barcodes (7/93) 
2025-12-15 17:49:49,442 13876 DEBUG wellness odoo.modules.loading: Module barcodes loaded in 0.00s, 0 queries 
2025-12-15 17:49:49,442 13876 DEBUG wellness odoo.modules.loading: Loading module base_import (8/93) 
2025-12-15 17:49:49,444 13876 DEBUG wellness odoo.modules.loading: Module base_import loaded in 0.00s, 0 queries 
2025-12-15 17:49:49,444 13876 DEBUG wellness odoo.modules.loading: Loading module base_import_module (9/93) 
2025-12-15 17:49:49,445 13876 DEBUG wellness odoo.modules.loading: Module base_import_module loaded in 0.00s, 0 queries 
2025-12-15 17:49:49,445 13876 DEBUG wellness odoo.modules.loading: Loading module base_setup (10/93) 
2025-12-15 17:49:49,446 13876 DEBUG wellness odoo.modules.loading: Module base_setup loaded in 0.00s, 0 queries 
2025-12-15 17:49:49,446 13876 DEBUG wellness odoo.modules.loading: Loading module bus (11/93) 
2025-12-15 17:49:49,446 13876 DEBUG wellness odoo.modules.loading: Module bus loaded in 0.00s, 0 queries 
2025-12-15 17:49:49,446 13876 DEBUG wellness odoo.modules.loading: Loading module http_routing (12/93) 
2025-12-15 17:49:49,447 13876 DEBUG wellness odoo.modules.loading: Module http_routing loaded in 0.00s, 0 queries 
2025-12-15 17:49:49,447 13876 DEBUG wellness odoo.modules.loading: Loading module onboarding (13/93) 
2025-12-15 17:49:49,447 13876 DEBUG wellness odoo.modules.loading: Module onboarding loaded in 0.00s, 0 queries 
2025-12-15 17:49:49,447 13876 DEBUG wellness odoo.modules.loading: Loading module resource (14/93) 
2025-12-15 17:49:49,447 13876 DEBUG wellness odoo.modules.loading: Module resource loaded in 0.00s, 0 queries 
2025-12-15 17:49:49,448 13876 DEBUG wellness odoo.modules.loading: Loading module utm (15/93) 
2025-12-15 17:49:49,448 13876 DEBUG wellness odoo.modules.loading: Module utm loaded in 0.00s, 0 queries 
2025-12-15 17:49:49,448 13876 DEBUG wellness odoo.modules.loading: Loading module web_hierarchy (16/93) 
2025-12-15 17:49:49,450 13876 DEBUG wellness odoo.modules.loading: Module web_hierarchy loaded in 0.00s, 0 queries 
2025-12-15 17:49:49,450 13876 DEBUG wellness odoo.modules.loading: Loading module web_tour (17/93) 
2025-12-15 17:49:49,450 13876 DEBUG wellness odoo.modules.loading: Module web_tour loaded in 0.00s, 0 queries 
2025-12-15 17:49:49,451 13876 DEBUG wellness odoo.modules.loading: Loading module barcodes_gs1_nomenclature (18/93) 
2025-12-15 17:49:49,451 13876 DEBUG wellness odoo.modules.loading: Module barcodes_gs1_nomenclature loaded in 0.00s, 0 queries 
2025-12-15 17:49:49,451 13876 DEBUG wellness odoo.modules.loading: Loading module google_recaptcha (19/93) 
2025-12-15 17:49:49,452 13876 DEBUG wellness odoo.modules.loading: Module google_recaptcha loaded in 0.00s, 0 queries 
2025-12-15 17:49:49,452 13876 DEBUG wellness odoo.modules.loading: Loading module html_editor (20/93) 
2025-12-15 17:49:49,452 13876 DEBUG wellness odoo.modules.loading: Module html_editor loaded in 0.00s, 0 queries 
2025-12-15 17:49:49,452 13876 DEBUG wellness odoo.modules.loading: Loading module iap (21/93) 
2025-12-15 17:49:49,452 13876 DEBUG wellness odoo.modules.loading: Module iap loaded in 0.00s, 0 queries 
2025-12-15 17:49:49,452 13876 DEBUG wellness odoo.modules.loading: Loading module mail (22/93) 
2025-12-15 17:49:49,458 13876 DEBUG wellness odoo.modules.loading: Module mail loaded in 0.01s, 0 queries 
2025-12-15 17:49:49,459 13876 DEBUG wellness odoo.modules.loading: Loading module web_editor (23/93) 
2025-12-15 17:49:49,464 13876 DEBUG wellness odoo.modules.loading: Module web_editor loaded in 0.01s, 0 queries 
2025-12-15 17:49:49,464 13876 DEBUG wellness odoo.modules.loading: Loading module analytic (24/93) 
2025-12-15 17:49:49,466 13876 DEBUG wellness odoo.modules.loading: Module analytic loaded in 0.00s, 0 queries 
2025-12-15 17:49:49,466 13876 DEBUG wellness odoo.modules.loading: Loading module auth_signup (25/93) 
2025-12-15 17:49:49,467 13876 DEBUG wellness odoo.modules.loading: Module auth_signup loaded in 0.00s, 0 queries 
2025-12-15 17:49:49,467 13876 DEBUG wellness odoo.modules.loading: Loading module auth_totp_mail (26/93) 
2025-12-15 17:49:49,469 13876 DEBUG wellness odoo.modules.loading: Module auth_totp_mail loaded in 0.00s, 0 queries 
2025-12-15 17:49:49,469 13876 DEBUG wellness odoo.modules.loading: Loading module base_install_request (27/93) 
2025-12-15 17:49:49,470 13876 DEBUG wellness odoo.modules.loading: Module base_install_request loaded in 0.00s, 0 queries 
2025-12-15 17:49:49,470 13876 DEBUG wellness odoo.modules.loading: Loading module contacts (28/93) 
2025-12-15 17:49:49,471 13876 DEBUG wellness odoo.modules.loading: Module contacts loaded in 0.00s, 0 queries 
2025-12-15 17:49:49,471 13876 DEBUG wellness odoo.modules.loading: Loading module fleet (29/93) 
2025-12-15 17:49:49,473 13876 DEBUG wellness odoo.modules.loading: Module fleet loaded in 0.00s, 0 queries 
2025-12-15 17:49:49,473 13876 DEBUG wellness odoo.modules.loading: Loading module google_gmail (30/93) 
2025-12-15 17:49:49,474 13876 DEBUG wellness odoo.modules.loading: Module google_gmail loaded in 0.00s, 0 queries 
2025-12-15 17:49:49,474 13876 DEBUG wellness odoo.modules.loading: Loading module iap_mail (31/93) 
2025-12-15 17:49:49,474 13876 DEBUG wellness odoo.modules.loading: Module iap_mail loaded in 0.00s, 0 queries 
2025-12-15 17:49:49,474 13876 DEBUG wellness odoo.modules.loading: Loading module mail_bot (32/93) 
2025-12-15 17:49:49,475 13876 DEBUG wellness odoo.modules.loading: Module mail_bot loaded in 0.00s, 0 queries 
2025-12-15 17:49:49,475 13876 DEBUG wellness odoo.modules.loading: Loading module phone_validation (33/93) 
2025-12-15 17:49:49,482 13876 DEBUG wellness odoo.modules.loading: Module phone_validation loaded in 0.01s, 0 queries 
2025-12-15 17:49:49,482 13876 DEBUG wellness odoo.modules.loading: Loading module privacy_lookup (34/93) 
2025-12-15 17:49:49,483 13876 DEBUG wellness odoo.modules.loading: Module privacy_lookup loaded in 0.00s, 0 queries 
2025-12-15 17:49:49,483 13876 DEBUG wellness odoo.modules.loading: Loading module product (35/93) 
2025-12-15 17:49:49,486 13876 DEBUG wellness odoo.modules.loading: Module product loaded in 0.00s, 0 queries 
2025-12-15 17:49:49,487 13876 DEBUG wellness odoo.modules.loading: Loading module resource_mail (36/93) 
2025-12-15 17:49:49,488 13876 DEBUG wellness odoo.modules.loading: Module resource_mail loaded in 0.00s, 0 queries 
2025-12-15 17:49:49,488 13876 DEBUG wellness odoo.modules.loading: Loading module sales_team (37/93) 
2025-12-15 17:49:49,489 13876 DEBUG wellness odoo.modules.loading: Module sales_team loaded in 0.00s, 0 queries 
2025-12-15 17:49:49,489 13876 DEBUG wellness odoo.modules.loading: Loading module web_unsplash (38/93) 
2025-12-15 17:49:49,490 13876 DEBUG wellness odoo.modules.loading: Module web_unsplash loaded in 0.00s, 0 queries 
2025-12-15 17:49:49,490 13876 DEBUG wellness odoo.modules.loading: Loading module base_address_extended (39/93) 
2025-12-15 17:49:49,491 13876 DEBUG wellness odoo.modules.loading: Module base_address_extended loaded in 0.00s, 0 queries 
2025-12-15 17:49:49,491 13876 DEBUG wellness odoo.modules.loading: Loading module partner_autocomplete (40/93) 
2025-12-15 17:49:49,492 13876 DEBUG wellness odoo.modules.loading: Module partner_autocomplete loaded in 0.00s, 0 queries 
2025-12-15 17:49:49,494 13876 DEBUG wellness odoo.modules.loading: Loading module portal (41/93) 
2025-12-15 17:49:49,496 13876 DEBUG wellness odoo.modules.loading: Module portal loaded in 0.00s, 0 queries 
2025-12-15 17:49:49,496 13876 DEBUG wellness odoo.modules.loading: Loading module sms (42/93) 
2025-12-15 17:49:49,509 13876 DEBUG wellness odoo.modules.loading: Module sms loaded in 0.01s, 0 queries 
2025-12-15 17:49:49,509 13876 DEBUG wellness odoo.modules.loading: Loading module snailmail (43/93) 
2025-12-15 17:49:49,511 13876 DEBUG wellness odoo.modules.loading: Module snailmail loaded in 0.00s, 0 queries 
2025-12-15 17:49:49,512 13876 DEBUG wellness odoo.modules.loading: Loading module auth_totp_portal (44/93) 
2025-12-15 17:49:49,512 13876 DEBUG wellness odoo.modules.loading: Module auth_totp_portal loaded in 0.00s, 0 queries 
2025-12-15 17:49:49,512 13876 DEBUG wellness odoo.modules.loading: Loading module digest (45/93) 
2025-12-15 17:49:49,513 13876 DEBUG wellness odoo.modules.loading: Module digest loaded in 0.00s, 0 queries 
2025-12-15 17:49:49,514 13876 DEBUG wellness odoo.modules.loading: Loading module payment (46/93) 
2025-12-15 17:49:49,515 13876 DEBUG wellness odoo.modules.loading: Module payment loaded in 0.00s, 0 queries 
2025-12-15 17:49:49,515 13876 DEBUG wellness odoo.modules.loading: Loading module spreadsheet (47/93) 
2025-12-15 17:49:49,516 13876 DEBUG wellness odoo.modules.loading: Module spreadsheet loaded in 0.00s, 0 queries 
2025-12-15 17:49:49,516 13876 DEBUG wellness odoo.modules.loading: Loading module account (48/93) 
2025-12-15 17:49:49,519 13876 DEBUG wellness odoo.modules.loading: Module account loaded in 0.00s, 0 queries 
2025-12-15 17:49:49,519 13876 DEBUG wellness odoo.modules.loading: Loading module hr (49/93) 
2025-12-15 17:49:49,519 13876 DEBUG wellness odoo.modules.loading: Module hr loaded in 0.00s, 0 queries 
2025-12-15 17:49:49,519 13876 DEBUG wellness odoo.modules.loading: Loading module spreadsheet_dashboard (50/93) 
2025-12-15 17:49:49,519 13876 DEBUG wellness odoo.modules.loading: Module spreadsheet_dashboard loaded in 0.00s, 0 queries 
2025-12-15 17:49:49,519 13876 DEBUG wellness odoo.modules.loading: Loading module stock (51/93) 
2025-12-15 17:49:49,519 13876 DEBUG wellness odoo.modules.loading: Module stock loaded in 0.00s, 0 queries 
2025-12-15 17:49:49,519 13876 DEBUG wellness odoo.modules.loading: Loading module website (52/93) 
2025-12-15 17:49:49,534 13876 DEBUG wellness odoo.modules.loading: Module website loaded in 0.01s, 0 queries 
2025-12-15 17:49:49,534 13876 DEBUG wellness odoo.modules.loading: Loading module account_debit_note (53/93) 
2025-12-15 17:49:49,534 13876 DEBUG wellness odoo.modules.loading: Module account_debit_note loaded in 0.00s, 0 queries 
2025-12-15 17:49:49,534 13876 DEBUG wellness odoo.modules.loading: Loading module account_edi_ubl_cii (54/93) 
2025-12-15 17:49:49,534 13876 DEBUG wellness odoo.modules.loading: Module account_edi_ubl_cii loaded in 0.00s, 0 queries 
2025-12-15 17:49:49,534 13876 DEBUG wellness odoo.modules.loading: Loading module account_fleet (55/93) 
2025-12-15 17:49:49,534 13876 DEBUG wellness odoo.modules.loading: Module account_fleet loaded in 0.00s, 0 queries 
2025-12-15 17:49:49,534 13876 DEBUG wellness odoo.modules.loading: Loading module account_payment (56/93) 
2025-12-15 17:49:49,534 13876 DEBUG wellness odoo.modules.loading: Module account_payment loaded in 0.00s, 0 queries 
2025-12-15 17:49:49,534 13876 DEBUG wellness odoo.modules.loading: Loading module base_vat (57/93) 
2025-12-15 17:49:49,534 13876 DEBUG wellness odoo.modules.loading: Module base_vat loaded in 0.00s, 0 queries 
2025-12-15 17:49:49,534 13876 DEBUG wellness odoo.modules.loading: Loading module edi (58/93) 
2025-12-15 17:49:49,534 13876 DEBUG wellness odoo.modules.loading: Module edi loaded in 0.00s, 0 queries 
2025-12-15 17:49:49,534 13876 DEBUG wellness odoo.modules.loading: Loading module hr_fleet (59/93) 
2025-12-15 17:49:49,534 13876 DEBUG wellness odoo.modules.loading: Module hr_fleet loaded in 0.00s, 0 queries 
2025-12-15 17:49:49,534 13876 DEBUG wellness odoo.modules.loading: Loading module hr_org_chart (60/93) 
2025-12-15 17:49:49,534 13876 DEBUG wellness odoo.modules.loading: Module hr_org_chart loaded in 0.00s, 0 queries 
2025-12-15 17:49:49,534 13876 DEBUG wellness odoo.modules.loading: Loading module hr_skills (61/93) 
2025-12-15 17:49:49,534 13876 DEBUG wellness odoo.modules.loading: Module hr_skills loaded in 0.00s, 0 queries 
2025-12-15 17:49:49,534 13876 DEBUG wellness odoo.modules.loading: Loading module mail_bot_hr (62/93) 
2025-12-15 17:49:49,534 13876 DEBUG wellness odoo.modules.loading: Module mail_bot_hr loaded in 0.00s, 0 queries 
2025-12-15 17:49:49,534 13876 DEBUG wellness odoo.modules.loading: Loading module medical_management (63/93) 
2025-12-15 17:49:49,534 13876 DEBUG wellness odoo.modules.loading: Module medical_management loaded in 0.00s, 0 queries 
2025-12-15 17:49:49,534 13876 DEBUG wellness odoo.modules.loading: Loading module mrp (64/93) 
2025-12-15 17:49:49,534 13876 DEBUG wellness odoo.modules.loading: Module mrp loaded in 0.00s, 0 queries 
2025-12-15 17:49:49,534 13876 DEBUG wellness odoo.modules.loading: Loading module purchase (65/93) 
2025-12-15 17:49:49,534 13876 DEBUG wellness odoo.modules.loading: Module purchase loaded in 0.00s, 0 queries 
2025-12-15 17:49:49,534 13876 DEBUG wellness odoo.modules.loading: Loading module snailmail_account (66/93) 
2025-12-15 17:49:49,534 13876 DEBUG wellness odoo.modules.loading: Module snailmail_account loaded in 0.00s, 0 queries 
2025-12-15 17:49:49,534 13876 DEBUG wellness odoo.modules.loading: Loading module spreadsheet_account (67/93) 
2025-12-15 17:49:49,534 13876 DEBUG wellness odoo.modules.loading: Module spreadsheet_account loaded in 0.00s, 0 queries 
2025-12-15 17:49:49,534 13876 DEBUG wellness odoo.modules.loading: Loading module spreadsheet_dashboard_account (68/93) 
2025-12-15 17:49:49,534 13876 DEBUG wellness odoo.modules.loading: Module spreadsheet_dashboard_account loaded in 0.00s, 0 queries 
2025-12-15 17:49:49,534 13876 DEBUG wellness odoo.modules.loading: Loading module stock_account (69/93) 
2025-12-15 17:49:49,534 13876 DEBUG wellness odoo.modules.loading: Module stock_account loaded in 0.00s, 0 queries 
2025-12-15 17:49:49,534 13876 DEBUG wellness odoo.modules.loading: Loading module stock_sms (70/93) 
2025-12-15 17:49:49,549 13876 DEBUG wellness odoo.modules.loading: Module stock_sms loaded in 0.02s, 0 queries 
2025-12-15 17:49:49,549 13876 DEBUG wellness odoo.modules.loading: Loading module website_mail (71/93) 
2025-12-15 17:49:49,549 13876 DEBUG wellness odoo.modules.loading: Module website_mail loaded in 0.00s, 0 queries 
2025-12-15 17:49:49,549 13876 DEBUG wellness odoo.modules.loading: Loading module website_sms (72/93) 
2025-12-15 17:49:49,549 13876 DEBUG wellness odoo.modules.loading: Module website_sms loaded in 0.00s, 0 queries 
2025-12-15 17:49:49,549 13876 DEBUG wellness odoo.modules.loading: Loading module l10n_latam_base (73/93) 
2025-12-15 17:49:49,549 13876 DEBUG wellness odoo.modules.loading: Module l10n_latam_base loaded in 0.00s, 0 queries 
2025-12-15 17:49:49,549 13876 DEBUG wellness odoo.modules.loading: Loading module l10n_latam_invoice_document (74/93) 
2025-12-15 17:49:49,549 13876 DEBUG wellness odoo.modules.loading: Module l10n_latam_invoice_document loaded in 0.00s, 0 queries 
2025-12-15 17:49:49,549 13876 DEBUG wellness odoo.modules.loading: Loading module mrp_account (75/93) 
2025-12-15 17:49:49,551 13876 DEBUG wellness odoo.modules.loading: Module mrp_account loaded in 0.00s, 0 queries 
2025-12-15 17:49:49,551 13876 DEBUG wellness odoo.modules.loading: Loading module purchase_edi_ubl_bis3 (76/93) 
2025-12-15 17:49:49,551 13876 DEBUG wellness odoo.modules.loading: Module purchase_edi_ubl_bis3 loaded in 0.00s, 0 queries 
2025-12-15 17:49:49,551 13876 DEBUG wellness odoo.modules.loading: Loading module purchase_stock (77/93) 
2025-12-15 17:49:49,551 13876 DEBUG wellness odoo.modules.loading: Module purchase_stock loaded in 0.00s, 0 queries 
2025-12-15 17:49:49,551 13876 DEBUG wellness odoo.modules.loading: Loading module sale (78/93) 
2025-12-15 17:49:49,553 13876 DEBUG wellness odoo.modules.loading: Module sale loaded in 0.00s, 0 queries 
2025-12-15 17:49:49,553 13876 DEBUG wellness odoo.modules.loading: Loading module spreadsheet_dashboard_stock_account (79/93) 
2025-12-15 17:49:49,553 13876 DEBUG wellness odoo.modules.loading: Module spreadsheet_dashboard_stock_account loaded in 0.00s, 0 queries 
2025-12-15 17:49:49,553 13876 DEBUG wellness odoo.modules.loading: Loading module website_payment (80/93) 
2025-12-15 17:49:49,553 13876 DEBUG wellness odoo.modules.loading: Module website_payment loaded in 0.00s, 0 queries 
2025-12-15 17:49:49,553 13876 DEBUG wellness odoo.modules.loading: Loading module l10n_pe (81/93) 
2025-12-15 17:49:49,553 13876 DEBUG wellness odoo.modules.loading: Module l10n_pe loaded in 0.00s, 0 queries 
2025-12-15 17:49:49,553 13876 DEBUG wellness odoo.modules.loading: Loading module product_price_usd (82/93) 
2025-12-15 17:49:49,553 13876 DEBUG wellness odoo.modules.loading: Module product_price_usd loaded in 0.00s, 0 queries 
2025-12-15 17:49:49,553 13876 DEBUG wellness odoo.modules.loading: Loading module purchase_mrp (83/93) 
2025-12-15 17:49:49,555 13876 DEBUG wellness odoo.modules.loading: Module purchase_mrp loaded in 0.00s, 0 queries 
2025-12-15 17:49:49,555 13876 DEBUG wellness odoo.modules.loading: Loading module sale_async_emails (84/93) 
2025-12-15 17:49:49,555 13876 DEBUG wellness odoo.modules.loading: Module sale_async_emails loaded in 0.00s, 0 queries 
2025-12-15 17:49:49,555 13876 DEBUG wellness odoo.modules.loading: Loading module sale_edi_ubl (85/93) 
2025-12-15 17:49:49,555 13876 DEBUG wellness odoo.modules.loading: Module sale_edi_ubl loaded in 0.00s, 0 queries 
2025-12-15 17:49:49,555 13876 DEBUG wellness odoo.modules.loading: Loading module sale_management (86/93) 
2025-12-15 17:49:49,555 13876 DEBUG wellness odoo.modules.loading: Module sale_management loaded in 0.00s, 0 queries 
2025-12-15 17:49:49,555 13876 DEBUG wellness odoo.modules.loading: Loading module sale_purchase (87/93) 
2025-12-15 17:49:49,555 13876 DEBUG wellness odoo.modules.loading: Module sale_purchase loaded in 0.00s, 0 queries 
2025-12-15 17:49:49,555 13876 DEBUG wellness odoo.modules.loading: Loading module sale_sms (88/93) 
2025-12-15 17:49:49,555 13876 DEBUG wellness odoo.modules.loading: Module sale_sms loaded in 0.00s, 0 queries 
2025-12-15 17:49:49,555 13876 DEBUG wellness odoo.modules.loading: Loading module sale_stock (89/93) 
2025-12-15 17:49:49,557 13876 DEBUG wellness odoo.modules.loading: Module sale_stock loaded in 0.00s, 0 queries 
2025-12-15 17:49:49,557 13876 DEBUG wellness odoo.modules.loading: Loading module spreadsheet_dashboard_sale (90/93) 
2025-12-15 17:49:49,557 13876 DEBUG wellness odoo.modules.loading: Module spreadsheet_dashboard_sale loaded in 0.00s, 0 queries 
2025-12-15 17:49:49,557 13876 DEBUG wellness odoo.modules.loading: Loading module sale_mrp (91/93) 
2025-12-15 17:49:49,557 13876 DEBUG wellness odoo.modules.loading: Module sale_mrp loaded in 0.00s, 0 queries 
2025-12-15 17:49:49,557 13876 DEBUG wellness odoo.modules.loading: Loading module sale_pdf_quote_builder (92/93) 
2025-12-15 17:49:49,557 13876 DEBUG wellness odoo.modules.loading: Module sale_pdf_quote_builder loaded in 0.00s, 0 queries 
2025-12-15 17:49:49,557 13876 DEBUG wellness odoo.modules.loading: Loading module sale_purchase_stock (93/93) 
2025-12-15 17:49:49,557 13876 DEBUG wellness odoo.modules.loading: Module sale_purchase_stock loaded in 0.00s, 0 queries 
2025-12-15 17:49:49,557 13876 INFO wellness odoo.modules.loading: 93 modules loaded in 0.42s, 113 queries (+113 extra) 
2025-12-15 17:49:50,052 13876 DEBUG wellness odoo.models: column web is in the table ir_module_module but not in the corresponding object ir.module.module 
2025-12-15 17:49:50,054 13876 DEBUG wellness odoo.models: column index is in the table auth_totp_device but not in the corresponding object auth_totp.device 
2025-12-15 17:49:50,054 13876 DEBUG wellness odoo.models: column key is in the table auth_totp_device but not in the corresponding object auth_totp.device 
2025-12-15 17:49:50,122 13876 DEBUG wellness odoo.models: column purchase_line_id is in the table vendor_delay_report but not in the corresponding object vendor.delay.report 
2025-12-15 17:49:50,122 13876 DEBUG wellness odoo.models: column index is in the table res_users_apikeys but not in the corresponding object res.users.apikeys 
2025-12-15 17:49:50,122 13876 DEBUG wellness odoo.models: column key is in the table res_users_apikeys but not in the corresponding object res.users.apikeys 
2025-12-15 17:49:50,185 13876 DEBUG wellness odoo.models: column password is in the table res_users but not in the corresponding object res.users 
2025-12-15 17:49:50,185 13876 DEBUG wellness odoo.models: column totp_secret is in the table res_users but not in the corresponding object res.users 
2025-12-15 17:49:50,248 13876 DEBUG wellness odoo.models: column auth_signup_uninvited is in the table res_config_settings but not in the corresponding object res.config.settings 
2025-12-15 17:49:50,471 13876 DEBUG wellness odoo.addons.base.models.ir_cron: Job 'Base: Auto-vacuum internal data' (1) will execute at 2025-12-15 17:50:50.248973 
2025-12-15 17:49:50,471 13876 INFO wellness odoo.modules.registry: verifying fields for every extended model 
2025-12-15 17:49:50,487 13876 DEBUG wellness odoo.models: Table 'res_users': setting default value of new column notification_type to 'email' 
2025-12-15 17:49:50,487 13876 DEBUG wellness odoo.schema: Table 'res_users': dropped constraint 'res_users_login_key' 
2025-12-15 17:49:50,503 13876 DEBUG wellness odoo.schema: Table 'res_users': added constraint 'res_users_login_key' as unique (login, website_id) 
2025-12-15 17:49:50,556 13876 DEBUG wellness odoo.schema: Table 'res_users': column 'notification_type': added constraint NOT NULL 
2025-12-15 17:49:50,598 13876 DEBUG wellness odoo.modules.registry: Invalidating templates model caches from write D:\Manuel\Empresas\ERP\OpenSource\odoo\odoo\addons\base\models\ir_ui_view.py:533 
2025-12-15 17:49:50,598 13876 DEBUG wellness odoo.modules.registry: Invalidating templates model caches from write D:\Manuel\Empresas\ERP\OpenSource\odoo\odoo\addons\base\models\ir_ui_view.py:533 
2025-12-15 17:49:51,377 13876 INFO wellness odoo.modules.loading: Modules loaded. 
2025-12-15 17:49:51,397 13876 INFO wellness odoo.modules.registry: Registry changed, signaling through the database 
2025-12-15 17:49:51,397 13876 INFO wellness odoo.modules.registry: Registry loaded in 3.172s 
2025-12-15 17:49:51,397 13876 INFO wellness odoo.addons.base.models.ir_module: getting next ir.actions.todo() 
2025-12-15 17:49:51,410 13876 INFO wellness werkzeug: 127.0.0.1 - - [15/Dec/2025 17:49:51] "POST /web/dataset/call_button/ir.module.module/button_immediate_upgrade HTTP/1.1" 200 - 5078 2.198 2.019
2025-12-15 17:49:51,739 13876 INFO wellness odoo.addons.base.models.ir_http: Generating routing map for key 1 
2025-12-15 17:49:51,739 13876 DEBUG wellness odoo.addons.website.models.ir_http: _generate_routing_rules for website: 1 
2025-12-15 17:49:52,912 13876 INFO wellness werkzeug: 127.0.0.1 - - [15/Dec/2025 17:49:52] "GET /odoo HTTP/1.1" 200 - 113 0.068 1.105
2025-12-15 17:49:53,028 13876 INFO wellness werkzeug: 127.0.0.1 - - [15/Dec/2025 17:49:53] "GET /web/manifest.webmanifest HTTP/1.1" 200 - 9 0.012 0.013
2025-12-15 17:49:53,030 13876 INFO wellness werkzeug: 127.0.0.1 - - [15/Dec/2025 17:49:53] "GET /bus/websocket_worker_bundle?v=18.0-5 HTTP/1.1" 304 - 4 0.013 0.014
2025-12-15 17:49:53,406 13876 INFO wellness werkzeug: 127.0.0.1 - - [15/Dec/2025 17:49:53] "POST /web/action/load HTTP/1.1" 200 - 8 0.000 0.017
2025-12-15 17:49:53,417 13876 DEBUG wellness odoo.api: call mail.push.device().register_devices(endpoint='https://fcm.googleapis.com/fcm/send/cZFViSjVxVk:APA91bHONTzuRyYNSgbwULOykIr7UioP-NMjMxcrzb7jdMiqAl0vaIXQRCoImYG-ibRbXih2BSLfqNJ1msKB2i4Rmhd0S2Jk1026YP6DF_CgYmUNn3MJR8JZ2dCrltqxibAqC2lC5kHU', expirationTime=None, keys={'p256dh': 'BJgckEBs1s5h49IB8JKrQEv0_798FX9oS-JXKQfLtZXd84N3Mg1fk8lkEdf3NZrXEafZiAllxv3_hOiFqrbES8s', 'auth': 'w1cXLP3jFFn1kcoMljcYiQ'}, vapid_public_key='BDJUfVv3HfgKVTVoRoFCuRZGjFh5yWIlFPn-asH-AG5UL2NsxsrUAbhw1luyTKuScsZwLvmw_SSofZzZ-idbQy4') 
2025-12-15 17:49:53,441 13876 INFO wellness werkzeug: 127.0.0.1 - - [15/Dec/2025 17:49:53] "POST /web/dataset/call_kw/mail.push.device/register_devices HTTP/1.1" 200 - 7 0.012 0.023
2025-12-15 17:49:53,446 13876 INFO wellness werkzeug: 127.0.0.1 - - [15/Dec/2025 17:49:53] "GET /websocket?version=18.0-5 HTTP/1.1" 101 - 1 0.005 0.035
2025-12-15 17:49:53,476 13876 INFO wellness werkzeug: 127.0.0.1 - - [15/Dec/2025 17:49:53] "GET /web/image?model=res.users&field=avatar_128&id=2 HTTP/1.1" 304 - 9 0.039 0.031
2025-12-15 17:49:53,491 13876 INFO wellness werkzeug: 127.0.0.1 - - [15/Dec/2025 17:49:53] "POST /mail/data HTTP/1.1" 200 - 27 0.064 0.021
2025-12-15 17:49:53,705 13876 INFO wellness werkzeug: 127.0.0.1 - - [15/Dec/2025 17:49:53] "POST /mail/data HTTP/1.1" 200 - 39 0.005 0.046
2025-12-15 17:49:53,790 13876 INFO wellness werkzeug: 127.0.0.1 - - [15/Dec/2025 17:49:53] "POST /mail/inbox/messages HTTP/1.1" 200 - 5 0.000 0.000
2025-12-15 17:49:55,330 13876 INFO wellness werkzeug: 127.0.0.1 - - [15/Dec/2025 17:49:55] "GET /web/service-worker.js HTTP/1.1" 200 - 1 0.001 0.002
2025-12-15 17:49:56,040 13876 INFO wellness werkzeug: 127.0.0.1 - - [15/Dec/2025 17:49:56] "POST /web/action/load HTTP/1.1" 200 - 9 0.011 0.000
2025-12-15 17:49:56,295 13876 DEBUG wellness odoo.api: call res.config.settings().get_views(options={'action_id': 85, 'embedded_action_id': False, 'embedded_parent_res_id': False, 'load_filters': False, 'toolbar': False}, views=[[False, 'form']]) 
2025-12-15 17:49:56,710 13876 INFO wellness werkzeug: 127.0.0.1 - - [15/Dec/2025 17:49:56] "POST /web/dataset/call_kw/res.config.settings/get_views HTTP/1.1" 200 - 422 0.135 0.282
2025-12-15 17:49:56,727 13876 DEBUG wellness odoo.api: call res.config.settings().onchange({}, [], {'is_root_company': {}, 'active_user_count': {}, 'language_count': {}, 'company_id': {'fields': {'display_name': {}}}, 'company_name': {}, 'company_informations': {}, 'company_count': {}, 'external_report_layout_id': {'fields': {'display_name': {}}}, 'email_primary_color': {}, 'email_secondary_color': {}, 'product_weight_in_lbs': {}, 'product_volume_volume_in_cubic_feet': {}, 'external_email_server_default': {}, 'alias_domain_id': {'fields': {'display_name': {}}}, 'module_google_gmail': {}, 'google_gmail_client_identifier': {}, 'google_gmail_client_secret': {}, 'module_microsoft_outlook': {}, 'digest_emails': {}, 'digest_id': {'fields': {'display_name': {}}}, 'restrict_template_rendering': {}, 'use_twilio_rtc_servers': {}, 'twilio_account_sid': {}, 'twilio_account_token': {}, 'sfu_server_url': {}, 'sfu_server_key': {}, 'tenor_api_key': {}, 'tenor_content_filter': {}, 'tenor_gif_limit': {}, 'google_translate_api_key': {}, 'module_sms': {}, 'module_partner_autocomplete': {}, 'auth_signup_reset_password': {}, 'user_default_rights': {}, 'portal_allow_api_keys': {}, 'module_base_import': {}, 'show_effect': {}, 'web_app_name': {}, 'module_mail_plugin': {}, 'module_product_images': {}, 'module_auth_oauth': {}, 'module_auth_ldap': {}, 'module_web_unsplash': {}, 'unsplash_access_key': {}, 'unsplash_app_id': {}, 'module_base_geolocalize': {}, 'module_google_recaptcha': {}, 'recaptcha_public_key': {}, 'recaptcha_private_key': {}, 'recaptcha_min_score': {}, 'module_website_cf_turnstile': {}, 'profiling_enabled_until': {}, 'group_product_variant': {}, 'module_sale_product_matrix': {}, 'group_uom': {}, 'module_product_email_template': {}, 'group_stock_packaging': {}, 'group_discount_per_so_line': {}, 'module_loyalty': {}, 'group_product_pricelist': {}, 'auth_signup_uninvited': {}, 'module_sale_margin': {}, 'portal_confirmation_sign': {}, 'group_sale_order_template': {}, 'company_so_template_id': {'fields': {'display_name': {}}}, 'portal_confirmation_pay': {}, 'prepayment_percent': {}, 'quotation_validity_days': {}, 'group_warning_sale': {}, 'module_sale_pdf_quote_builder': {}, 'group_auto_done_setting': {}, 'group_proforma_sales': {}, 'module_delivery': {}, 'module_delivery_bpost': {}, 'module_delivery_easypost': {}, 'module_delivery_sendcloud': {}, 'module_delivery_shiprocket': {}, 'module_delivery_starshipit': {}, 'default_invoice_policy': {}, 'automatic_invoice': {}, 'invoice_mail_template_id': {'fields': {'display_name': {}}}, 'module_sale_commission': {}, 'module_sale_amazon': {}, 'website_id': {'fields': {'display_name': {}}}, 'website_domain': {}, 'language_ids': {'fields': {'display_name': {}}}, 'website_language_count': {}, 'website_default_lang_id': {'fields': {'display_name': {}}}, 'website_name': {}, 'favicon': {}, 'write_date': {}, 'providers_state': {}, 'is_stripe_supported_country': {}, 'first_provider_label': {}, 'module_website_livechat': {}, 'module_marketing_automation': {}, 'website_cookies_bar': {}, 'website_block_third_party_domains': {}, 'has_google_analytics': {}, 'google_analytics_key': {}, 'cdn_activated': {}, 'cdn_url': {}, 'cdn_filters': {}, 'has_default_share_image': {}, 'social_default_image': {}, 'has_google_search_console': {}, 'google_search_console': {}, 'has_plausible_shared_key': {}, 'plausible_shared_key': {}, 'plausible_site': {}, 'po_double_validation': {}, 'company_currency_id': {'fields': {}}, 'po_lock': {}, 'po_order_approval': {}, 'po_double_validation_amount': {}, 'lock_confirmed_po': {}, 'group_warning_purchase': {}, 'module_purchase_requisition': {}, 'group_send_reminder': {}, 'default_purchase_method': {}, 'module_account_3way_match': {}, 'module_purchase_product_matrix': {}, 'is_installed_sale': {}, 'module_stock_dropshipping': {}, 'group_stock_tracking_lot': {}, 'module_stock_picking_batch': {}, 'group_warning_stock': {}, 'default_picking_policy': {}, 'module_quality_control': {}, 'module_quality_control_worksheet': {}, 'annual_inventory_day': {}, 'annual_inventory_month': {}, 'group_stock_reception_report': {}, 'module_stock_barcode': {}, 'module_stock_barcode_barcodelookup': {}, 'module_stock_fleet': {}, 'stock_move_email_validation': {}, 'stock_move_sms_validation': {}, 'stock_sms_confirmation_template_id': {'fields': {'display_name': {}}, 'context': {'default_model': 'stock.picking'}}, 'group_stock_sign_delivery': {}, 'group_stock_production_lot': {}, 'group_stock_lot_print_gs1': {}, 'barcode_separator': {}, 'module_product_expiry': {}, 'group_lot_on_delivery_slip': {}, 'group_stock_tracking_owner': {}, 'module_stock_landed_costs': {}, 'group_lot_on_invoice': {}, 'group_stock_multi_locations': {}, 'group_stock_adv_location': {}, 'use_security_lead': {}, 'security_lead': {}, 'use_po_lead': {}, 'po_lead': {}, 'days_to_purchase': {}, 'group_mrp_routings': {}, 'group_mrp_workorder_dependencies': {}, 'module_mrp_subcontracting': {}, 'group_unlocked_by_default': {}, 'group_mrp_byproducts': {}, 'group_mrp_reception_report': {}, 'module_mrp_mps': {}, 'use_manufacturing_lead': {}, 'manufacturing_lead': {}, 'country_code': {}, 'has_chart_of_accounts': {}, 'has_accounting_entries': {}, 'chart_template': {}, 'sale_tax_id': {'fields': {'display_name': {}}}, 'purchase_tax_id': {'fields': {'display_name': {}}}, 'account_price_include': {}, 'tax_calculation_rounding_method': {}, 'module_l10n_eu_oss': {}, 'vat_check_vies': {}, 'tax_exigibility': {}, 'tax_cash_basis_journal_id': {'fields': {'display_name': {}}}, 'account_cash_basis_base_account_id': {'fields': {'display_name': {}}}, 'account_fiscal_country_id': {'fields': {'display_name': {}}}, 'currency_id': {'fields': {'display_name': {}}, 'context': {'active_test': False}}, 'group_multi_currency': {}, 'module_currency_rate_live': {}, 'module_snailmail_account': {}, 'snailmail_color': {}, 'snailmail_duplex': {}, 'snailmail_cover': {}, 'group_sale_delivery_address': {}, 'group_warning_account': {}, 'group_cash_rounding': {}, 'module_account_intrastat': {}, 'incoterm_id': {'fields': {'display_name': {}}}, 'group_show_sale_receipts': {}, 'use_invoice_terms': {}, 'terms_type': {}, 'invoice_terms': {}, 'preview_ready': {}, 'account_use_credit_limit': {}, 'account_default_credit_limit': {}, 'display_invoice_amount_total_words': {}, 'display_invoice_tax_company_currency': {}, 'pay_invoices_online': {}, 'module_account_batch_payment': {}, 'module_account_sepa_direct_debit': {}, 'qr_code': {}, 'group_show_purchase_receipts': {}, 'autopost_bills': {}, 'module_account_check_printing': {}, 'module_account_iso20022': {}, 'module_account_extract': {}, 'currency_exchange_journal_id': {'fields': {'display_name': {}}}, 'income_currency_exchange_account_id': {'fields': {'display_name': {}}}, 'expense_currency_exchange_account_id': {'fields': {'display_name': {}}}, 'account_journal_suspense_account_id': {'fields': {'display_name': {}}}, 'transfer_account_id': {'fields': {'display_name': {}}}, 'account_discount_expense_allocation_id': {'fields': {'display_name': {}}}, 'account_discount_income_allocation_id': {'fields': {'display_name': {}}}, 'account_journal_early_pay_discount_gain_account_id': {'fields': {'display_name': {}}}, 'account_journal_early_pay_discount_loss_account_id': {'fields': {'display_name': {}}}, 'module_account_bank_statement_import_csv': {}, 'module_account_bank_statement_import_qif': {}, 'module_account_bank_statement_import_ofx': {}, 'module_account_bank_statement_import_camt': {}, 'module_account_reports': {}, 'group_analytic_accounting': {}, 'module_account_budget': {}, 'module_product_margin': {}, 'is_account_peppol_eligible': {}, 'module_account_peppol': {}, 'account_storno': {}, 'quick_edit_mode': {}, 'check_account_audit_trail': {}, 'module_hr_attendance': {}, 'hr_presence_control_login': {}, 'module_hr_presence': {}, 'hr_presence_control_email': {}, 'hr_presence_control_ip': {}, 'hr_presence_control_email_amount': {}, 'hr_presence_control_ip_list': {}, 'module_hr_skills': {}, 'module_hr_homeworking': {}, 'resource_calendar_id': {'fields': {'display_name': {}}}, 'hr_employee_self_edit': {}, 'delay_alert_contract': {}, 'snailmail_cover_readonly': {}, 'display_name': {}}) 
2025-12-15 17:49:56,881 13876 INFO wellness werkzeug: 127.0.0.1 - - [15/Dec/2025 17:49:56] "POST /web/dataset/call_kw/res.config.settings/onchange HTTP/1.1" 200 - 219 0.070 0.084
2025-12-15 17:49:57,300 13876 INFO wellness werkzeug: 127.0.0.1 - - [15/Dec/2025 17:49:57] "POST /base_setup/demo_active HTTP/1.1" 200 - 2 0.002 0.005
2025-12-15 17:49:57,308 13876 INFO wellness werkzeug: 127.0.0.1 - - [15/Dec/2025 17:49:57] "POST /base_setup/data HTTP/1.1" 200 - 6 0.002 0.004
2025-12-15 17:49:57,561 13876 INFO wellness werkzeug: 127.0.0.1 - - [15/Dec/2025 17:49:57] "POST /web/action/load HTTP/1.1" 200 - 9 0.006 0.009
2025-12-15 17:49:57,729 13876 DEBUG wellness odoo.api: call audit.login.log().get_views(options={'action_id': 613, 'embedded_action_id': False, 'embedded_parent_res_id': False, 'load_filters': True, 'toolbar': True}, views=[[False, 'list'], [False, 'form'], [False, 'search']]) 
2025-12-15 17:49:57,755 13876 INFO wellness werkzeug: 127.0.0.1 - - [15/Dec/2025 17:49:57] "POST /web/dataset/call_kw/audit.login.log/get_views HTTP/1.1" 200 - 18 0.010 0.020
2025-12-15 17:49:57,896 13876 DEBUG wellness odoo.api: call audit.login.log().web_search_read(count_limit=10001, domain=[], limit=80, offset=0, order='', specification={'create_date': {}, 'user_id': {'fields': {'display_name': {}}}, 'ip_address': {}, 'country_code': {}, 'user_agent': {}}) 
2025-12-15 17:49:57,906 13876 INFO wellness werkzeug: 127.0.0.1 - - [15/Dec/2025 17:49:57] "POST /web/dataset/call_kw/audit.login.log/web_search_read HTTP/1.1" 200 - 5 0.008 0.009
2025-12-15 17:49:58,078 13876 DEBUG wellness odoo.api: call res.users(2,).has_group('base.group_allow_export') 
2025-12-15 17:49:58,083 13876 INFO wellness werkzeug: 127.0.0.1 - - [15/Dec/2025 17:49:58] "POST /web/dataset/call_kw/res.users/has_group HTTP/1.1" 200 - 1 0.000 0.005
2025-12-15 17:50:02,409 13876 DEBUG wellness odoo.addons.http_routing.models.ir_http: '/web/session/logout' (lang: 'es') no lang in url and default website, continue 
2025-12-15 17:50:02,415 13876 INFO wellness werkzeug: 127.0.0.1 - - [15/Dec/2025 17:50:02] "GET /web/session/logout HTTP/1.1" 303 - 5 0.003 0.010
2025-12-15 17:50:02,737 13876 INFO wellness werkzeug: 127.0.0.1 - - [15/Dec/2025 17:50:02] "GET /odoo HTTP/1.1" 303 - 4 0.005 0.022
2025-12-15 17:50:03,051 13876 DEBUG wellness odoo.addons.http_routing.models.ir_http: '/web/login' (lang: 'es') no lang in url and default website, continue 
2025-12-15 17:50:03,058 13876 DEBUG wellness odoo.http: Couldn't load Geoip City file at d:\usr\share\geoip\geolite2-city.mmdb. IP Resolver disabled. 
Traceback (most recent call last):
  File "D:\Manuel\Empresas\ERP\OpenSource\odoo\odoo\http.py", line 2462, in geoip_city_db
    return geoip2.database.Reader(config['geoip_city_db'])
           ^^^^^^^^^^^^^^^^^^^^^^^^^^^^^^^^^^^^^^^^^^^^^^^
  File "D:\Manuel\Empresas\ERP\OpenSource\odoo\venv\Lib\site-packages\geoip2\database.py", line 86, in __init__
    self._db_reader = maxminddb.open_database(fileish, mode)
                      ^^^^^^^^^^^^^^^^^^^^^^^^^^^^^^^^^^^^^^
  File "D:\Manuel\Empresas\ERP\OpenSource\odoo\venv\Lib\site-packages\maxminddb\__init__.py", line 87, in open_database
    return cast("Reader", _extension.Reader(database, mode))
                          ^^^^^^^^^^^^^^^^^^^^^^^^^^^^^^^^^
FileNotFoundError: [Errno 2] No such file or directory: b'd:\\usr\\share\\geoip\\geolite2-city.mmdb'
2025-12-15 17:50:03,923 13876 INFO wellness werkzeug: 127.0.0.1 - - [15/Dec/2025 17:50:03] "GET /web/login?redirect=/odoo? HTTP/1.1" 200 - 144 0.108 0.767
2025-12-15 17:50:09,877 13876 DEBUG wellness odoo.addons.http_routing.models.ir_http: '/web/login' (lang: 'es') no lang in url and default website, continue 
2025-12-15 17:50:09,877 13876 DEBUG wellness odoo.http: Couldn't load Geoip City file at d:\usr\share\geoip\geolite2-city.mmdb. IP Resolver disabled. 
Traceback (most recent call last):
  File "D:\Manuel\Empresas\ERP\OpenSource\odoo\odoo\http.py", line 2462, in geoip_city_db
    return geoip2.database.Reader(config['geoip_city_db'])
           ^^^^^^^^^^^^^^^^^^^^^^^^^^^^^^^^^^^^^^^^^^^^^^^
  File "D:\Manuel\Empresas\ERP\OpenSource\odoo\venv\Lib\site-packages\geoip2\database.py", line 86, in __init__
    self._db_reader = maxminddb.open_database(fileish, mode)
                      ^^^^^^^^^^^^^^^^^^^^^^^^^^^^^^^^^^^^^^
  File "D:\Manuel\Empresas\ERP\OpenSource\odoo\venv\Lib\site-packages\maxminddb\__init__.py", line 87, in open_database
    return cast("Reader", _extension.Reader(database, mode))
                          ^^^^^^^^^^^^^^^^^^^^^^^^^^^^^^^^^
FileNotFoundError: [Errno 2] No such file or directory: b'd:\\usr\\share\\geoip\\geolite2-city.mmdb'
2025-12-15 17:50:10,742 13876 INFO wellness odoo.addons.base.models.res_users: Login successful for db:wellness login:admin from 127.0.0.1 
2025-12-15 17:50:10,760 13876 INFO wellness werkzeug: 127.0.0.1 - - [15/Dec/2025 17:50:10] "POST /web/login HTTP/1.1" 303 - 31 0.005 0.878
2025-12-15 17:50:10,778 13876 DEBUG wellness odoo.http: Couldn't load Geoip Country file ([Errno 2] No such file or directory: b'd:\\usr\\share\\geoip\\geolite2-country.mmdb'). Fallbacks on Geoip City. 
2025-12-15 17:50:10,778 13876 DEBUG wellness odoo.http: Couldn't load Geoip City file at d:\usr\share\geoip\geolite2-city.mmdb. IP Resolver disabled. 
Traceback (most recent call last):
  File "D:\Manuel\Empresas\ERP\OpenSource\odoo\odoo\http.py", line 1217, in _country_record
    return root.geoip_country_db.country(self.ip)
           ^^^^^^^^^^^^^^^^^^^^^
  File "D:\Manuel\Empresas\ERP\OpenSource\odoo\odoo\tools\func.py", line 42, in __get__
    value = self.fget(obj)
            ^^^^^^^^^^^^^^
  File "D:\Manuel\Empresas\ERP\OpenSource\odoo\odoo\http.py", line 2473, in geoip_country_db
    return geoip2.database.Reader(config['geoip_country_db'])
           ^^^^^^^^^^^^^^^^^^^^^^^^^^^^^^^^^^^^^^^^^^^^^^^^^^
  File "D:\Manuel\Empresas\ERP\OpenSource\odoo\venv\Lib\site-packages\geoip2\database.py", line 86, in __init__
    self._db_reader = maxminddb.open_database(fileish, mode)
                      ^^^^^^^^^^^^^^^^^^^^^^^^^^^^^^^^^^^^^^
  File "D:\Manuel\Empresas\ERP\OpenSource\odoo\venv\Lib\site-packages\maxminddb\__init__.py", line 87, in open_database
    return cast("Reader", _extension.Reader(database, mode))
                          ^^^^^^^^^^^^^^^^^^^^^^^^^^^^^^^^^
FileNotFoundError: [Errno 2] No such file or directory: b'd:\\usr\\share\\geoip\\geolite2-country.mmdb'

During handling of the above exception, another exception occurred:

Traceback (most recent call last):
  File "D:\Manuel\Empresas\ERP\OpenSource\odoo\odoo\http.py", line 2462, in geoip_city_db
    return geoip2.database.Reader(config['geoip_city_db'])
           ^^^^^^^^^^^^^^^^^^^^^^^^^^^^^^^^^^^^^^^^^^^^^^^
  File "D:\Manuel\Empresas\ERP\OpenSource\odoo\venv\Lib\site-packages\geoip2\database.py", line 86, in __init__
    self._db_reader = maxminddb.open_database(fileish, mode)
                      ^^^^^^^^^^^^^^^^^^^^^^^^^^^^^^^^^^^^^^
  File "D:\Manuel\Empresas\ERP\OpenSource\odoo\venv\Lib\site-packages\maxminddb\__init__.py", line 87, in open_database
    return cast("Reader", _extension.Reader(database, mode))
                          ^^^^^^^^^^^^^^^^^^^^^^^^^^^^^^^^^
FileNotFoundError: [Errno 2] No such file or directory: b'd:\\usr\\share\\geoip\\geolite2-city.mmdb'
2025-12-15 17:50:10,778 13876 INFO wellness odoo.addons.base.models.res_device: User 2 inserts device log (h0qSvJSluSYnM09OezNlkkX0SlOSVLBavMbVuxupje) 
2025-12-15 17:50:10,810 13876 INFO wellness werkzeug: 127.0.0.1 - - [15/Dec/2025 17:50:10] "GET /odoo HTTP/1.1" 200 - 21 0.006 0.036
2025-12-15 17:50:11,243 13876 INFO wellness werkzeug: 127.0.0.1 - - [15/Dec/2025 17:50:11] "POST /web/action/load HTTP/1.1" 200 - 6 0.002 0.015
2025-12-15 17:50:11,259 13876 INFO wellness werkzeug: 127.0.0.1 - - [15/Dec/2025 17:50:11] "POST /mail/data HTTP/1.1" 200 - 17 0.016 0.017
2025-12-15 17:50:11,298 13876 DEBUG wellness odoo.api: call mail.push.device().register_devices(endpoint='https://fcm.googleapis.com/fcm/send/cZFViSjVxVk:APA91bHONTzuRyYNSgbwULOykIr7UioP-NMjMxcrzb7jdMiqAl0vaIXQRCoImYG-ibRbXih2BSLfqNJ1msKB2i4Rmhd0S2Jk1026YP6DF_CgYmUNn3MJR8JZ2dCrltqxibAqC2lC5kHU', expirationTime=None, keys={'p256dh': 'BJgckEBs1s5h49IB8JKrQEv0_798FX9oS-JXKQfLtZXd84N3Mg1fk8lkEdf3NZrXEafZiAllxv3_hOiFqrbES8s', 'auth': 'w1cXLP3jFFn1kcoMljcYiQ'}, vapid_public_key='BDJUfVv3HfgKVTVoRoFCuRZGjFh5yWIlFPn-asH-AG5UL2NsxsrUAbhw1luyTKuScsZwLvmw_SSofZzZ-idbQy4') 
2025-12-15 17:50:11,310 13876 INFO wellness werkzeug: 127.0.0.1 - - [15/Dec/2025 17:50:11] "POST /web/dataset/call_kw/mail.push.device/register_devices HTTP/1.1" 200 - 6 0.006 0.011
2025-12-15 17:50:11,314 13876 INFO wellness werkzeug: 127.0.0.1 - - [15/Dec/2025 17:50:11] "GET /web/manifest.webmanifest HTTP/1.1" 200 - 7 0.012 0.010
2025-12-15 17:50:11,316 13876 INFO wellness werkzeug: 127.0.0.1 - - [15/Dec/2025 17:50:11] "GET /bus/websocket_worker_bundle?v=18.0-5 HTTP/1.1" 304 - 3 0.005 0.017
2025-12-15 17:50:11,333 13876 INFO wellness werkzeug: 127.0.0.1 - - [15/Dec/2025 17:50:11] "GET /web/image?model=res.users&field=avatar_128&id=2 HTTP/1.1" 304 - 9 0.014 0.024
2025-12-15 17:50:11,673 13876 INFO wellness werkzeug: 127.0.0.1 - - [15/Dec/2025 17:50:11] "POST /mail/data HTTP/1.1" 200 - 33 0.018 0.040
2025-12-15 17:50:11,685 13876 INFO wellness werkzeug: 127.0.0.1 - - [15/Dec/2025 17:50:11] "GET /websocket?version=18.0-5 HTTP/1.1" 101 - 1 0.001 0.008
2025-12-15 17:50:12,044 13876 INFO wellness werkzeug: 127.0.0.1 - - [15/Dec/2025 17:50:12] "POST /mail/inbox/messages HTTP/1.1" 200 - 3 0.016 0.000
2025-12-15 17:50:13,487 13876 INFO wellness werkzeug: 127.0.0.1 - - [15/Dec/2025 17:50:13] "POST /web/action/load HTTP/1.1" 200 - 9 0.001 0.023
2025-12-15 17:50:13,816 13876 DEBUG wellness odoo.api: call res.config.settings().get_views(options={'action_id': 85, 'embedded_action_id': False, 'embedded_parent_res_id': False, 'load_filters': False, 'toolbar': False}, views=[[False, 'form']]) 
2025-12-15 17:50:14,129 13876 INFO wellness werkzeug: 127.0.0.1 - - [15/Dec/2025 17:50:14] "POST /web/dataset/call_kw/res.config.settings/get_views HTTP/1.1" 200 - 265 0.120 0.195
2025-12-15 17:50:14,151 13876 DEBUG wellness odoo.api: call res.config.settings().onchange({}, [], {'is_root_company': {}, 'active_user_count': {}, 'language_count': {}, 'company_id': {'fields': {'display_name': {}}}, 'company_name': {}, 'company_informations': {}, 'company_count': {}, 'external_report_layout_id': {'fields': {'display_name': {}}}, 'email_primary_color': {}, 'email_secondary_color': {}, 'product_weight_in_lbs': {}, 'product_volume_volume_in_cubic_feet': {}, 'external_email_server_default': {}, 'alias_domain_id': {'fields': {'display_name': {}}}, 'module_google_gmail': {}, 'google_gmail_client_identifier': {}, 'google_gmail_client_secret': {}, 'module_microsoft_outlook': {}, 'digest_emails': {}, 'digest_id': {'fields': {'display_name': {}}}, 'restrict_template_rendering': {}, 'use_twilio_rtc_servers': {}, 'twilio_account_sid': {}, 'twilio_account_token': {}, 'sfu_server_url': {}, 'sfu_server_key': {}, 'tenor_api_key': {}, 'tenor_content_filter': {}, 'tenor_gif_limit': {}, 'google_translate_api_key': {}, 'module_sms': {}, 'module_partner_autocomplete': {}, 'auth_signup_reset_password': {}, 'user_default_rights': {}, 'portal_allow_api_keys': {}, 'module_base_import': {}, 'show_effect': {}, 'web_app_name': {}, 'module_mail_plugin': {}, 'module_product_images': {}, 'module_auth_oauth': {}, 'module_auth_ldap': {}, 'module_web_unsplash': {}, 'unsplash_access_key': {}, 'unsplash_app_id': {}, 'module_base_geolocalize': {}, 'module_google_recaptcha': {}, 'recaptcha_public_key': {}, 'recaptcha_private_key': {}, 'recaptcha_min_score': {}, 'module_website_cf_turnstile': {}, 'profiling_enabled_until': {}, 'group_product_variant': {}, 'module_sale_product_matrix': {}, 'group_uom': {}, 'module_product_email_template': {}, 'group_stock_packaging': {}, 'group_discount_per_so_line': {}, 'module_loyalty': {}, 'group_product_pricelist': {}, 'auth_signup_uninvited': {}, 'module_sale_margin': {}, 'portal_confirmation_sign': {}, 'group_sale_order_template': {}, 'company_so_template_id': {'fields': {'display_name': {}}}, 'portal_confirmation_pay': {}, 'prepayment_percent': {}, 'quotation_validity_days': {}, 'group_warning_sale': {}, 'module_sale_pdf_quote_builder': {}, 'group_auto_done_setting': {}, 'group_proforma_sales': {}, 'module_delivery': {}, 'module_delivery_bpost': {}, 'module_delivery_easypost': {}, 'module_delivery_sendcloud': {}, 'module_delivery_shiprocket': {}, 'module_delivery_starshipit': {}, 'default_invoice_policy': {}, 'automatic_invoice': {}, 'invoice_mail_template_id': {'fields': {'display_name': {}}}, 'module_sale_commission': {}, 'module_sale_amazon': {}, 'website_id': {'fields': {'display_name': {}}}, 'website_domain': {}, 'language_ids': {'fields': {'display_name': {}}}, 'website_language_count': {}, 'website_default_lang_id': {'fields': {'display_name': {}}}, 'website_name': {}, 'favicon': {}, 'write_date': {}, 'providers_state': {}, 'is_stripe_supported_country': {}, 'first_provider_label': {}, 'module_website_livechat': {}, 'module_marketing_automation': {}, 'website_cookies_bar': {}, 'website_block_third_party_domains': {}, 'has_google_analytics': {}, 'google_analytics_key': {}, 'cdn_activated': {}, 'cdn_url': {}, 'cdn_filters': {}, 'has_default_share_image': {}, 'social_default_image': {}, 'has_google_search_console': {}, 'google_search_console': {}, 'has_plausible_shared_key': {}, 'plausible_shared_key': {}, 'plausible_site': {}, 'po_double_validation': {}, 'company_currency_id': {'fields': {}}, 'po_lock': {}, 'po_order_approval': {}, 'po_double_validation_amount': {}, 'lock_confirmed_po': {}, 'group_warning_purchase': {}, 'module_purchase_requisition': {}, 'group_send_reminder': {}, 'default_purchase_method': {}, 'module_account_3way_match': {}, 'module_purchase_product_matrix': {}, 'is_installed_sale': {}, 'module_stock_dropshipping': {}, 'group_stock_tracking_lot': {}, 'module_stock_picking_batch': {}, 'group_warning_stock': {}, 'default_picking_policy': {}, 'module_quality_control': {}, 'module_quality_control_worksheet': {}, 'annual_inventory_day': {}, 'annual_inventory_month': {}, 'group_stock_reception_report': {}, 'module_stock_barcode': {}, 'module_stock_barcode_barcodelookup': {}, 'module_stock_fleet': {}, 'stock_move_email_validation': {}, 'stock_move_sms_validation': {}, 'stock_sms_confirmation_template_id': {'fields': {'display_name': {}}, 'context': {'default_model': 'stock.picking'}}, 'group_stock_sign_delivery': {}, 'group_stock_production_lot': {}, 'group_stock_lot_print_gs1': {}, 'barcode_separator': {}, 'module_product_expiry': {}, 'group_lot_on_delivery_slip': {}, 'group_stock_tracking_owner': {}, 'module_stock_landed_costs': {}, 'group_lot_on_invoice': {}, 'group_stock_multi_locations': {}, 'group_stock_adv_location': {}, 'use_security_lead': {}, 'security_lead': {}, 'use_po_lead': {}, 'po_lead': {}, 'days_to_purchase': {}, 'group_mrp_routings': {}, 'group_mrp_workorder_dependencies': {}, 'module_mrp_subcontracting': {}, 'group_unlocked_by_default': {}, 'group_mrp_byproducts': {}, 'group_mrp_reception_report': {}, 'module_mrp_mps': {}, 'use_manufacturing_lead': {}, 'manufacturing_lead': {}, 'country_code': {}, 'has_chart_of_accounts': {}, 'has_accounting_entries': {}, 'chart_template': {}, 'sale_tax_id': {'fields': {'display_name': {}}}, 'purchase_tax_id': {'fields': {'display_name': {}}}, 'account_price_include': {}, 'tax_calculation_rounding_method': {}, 'module_l10n_eu_oss': {}, 'vat_check_vies': {}, 'tax_exigibility': {}, 'tax_cash_basis_journal_id': {'fields': {'display_name': {}}}, 'account_cash_basis_base_account_id': {'fields': {'display_name': {}}}, 'account_fiscal_country_id': {'fields': {'display_name': {}}}, 'currency_id': {'fields': {'display_name': {}}, 'context': {'active_test': False}}, 'group_multi_currency': {}, 'module_currency_rate_live': {}, 'module_snailmail_account': {}, 'snailmail_color': {}, 'snailmail_duplex': {}, 'snailmail_cover': {}, 'group_sale_delivery_address': {}, 'group_warning_account': {}, 'group_cash_rounding': {}, 'module_account_intrastat': {}, 'incoterm_id': {'fields': {'display_name': {}}}, 'group_show_sale_receipts': {}, 'use_invoice_terms': {}, 'terms_type': {}, 'invoice_terms': {}, 'preview_ready': {}, 'account_use_credit_limit': {}, 'account_default_credit_limit': {}, 'display_invoice_amount_total_words': {}, 'display_invoice_tax_company_currency': {}, 'pay_invoices_online': {}, 'module_account_batch_payment': {}, 'module_account_sepa_direct_debit': {}, 'qr_code': {}, 'group_show_purchase_receipts': {}, 'autopost_bills': {}, 'module_account_check_printing': {}, 'module_account_iso20022': {}, 'module_account_extract': {}, 'currency_exchange_journal_id': {'fields': {'display_name': {}}}, 'income_currency_exchange_account_id': {'fields': {'display_name': {}}}, 'expense_currency_exchange_account_id': {'fields': {'display_name': {}}}, 'account_journal_suspense_account_id': {'fields': {'display_name': {}}}, 'transfer_account_id': {'fields': {'display_name': {}}}, 'account_discount_expense_allocation_id': {'fields': {'display_name': {}}}, 'account_discount_income_allocation_id': {'fields': {'display_name': {}}}, 'account_journal_early_pay_discount_gain_account_id': {'fields': {'display_name': {}}}, 'account_journal_early_pay_discount_loss_account_id': {'fields': {'display_name': {}}}, 'module_account_bank_statement_import_csv': {}, 'module_account_bank_statement_import_qif': {}, 'module_account_bank_statement_import_ofx': {}, 'module_account_bank_statement_import_camt': {}, 'module_account_reports': {}, 'group_analytic_accounting': {}, 'module_account_budget': {}, 'module_product_margin': {}, 'is_account_peppol_eligible': {}, 'module_account_peppol': {}, 'account_storno': {}, 'quick_edit_mode': {}, 'check_account_audit_trail': {}, 'module_hr_attendance': {}, 'hr_presence_control_login': {}, 'module_hr_presence': {}, 'hr_presence_control_email': {}, 'hr_presence_control_ip': {}, 'hr_presence_control_email_amount': {}, 'hr_presence_control_ip_list': {}, 'module_hr_skills': {}, 'module_hr_homeworking': {}, 'resource_calendar_id': {'fields': {'display_name': {}}}, 'hr_employee_self_edit': {}, 'delay_alert_contract': {}, 'snailmail_cover_readonly': {}, 'display_name': {}}) 
2025-12-15 17:50:14,229 13876 INFO wellness werkzeug: 127.0.0.1 - - [15/Dec/2025 17:50:14] "POST /web/dataset/call_kw/res.config.settings/onchange HTTP/1.1" 200 - 56 0.052 0.027
2025-12-15 17:50:14,638 13876 INFO wellness werkzeug: 127.0.0.1 - - [15/Dec/2025 17:50:14] "POST /base_setup/demo_active HTTP/1.1" 200 - 2 0.002 0.005
2025-12-15 17:50:14,640 13876 INFO wellness werkzeug: 127.0.0.1 - - [15/Dec/2025 17:50:14] "POST /base_setup/data HTTP/1.1" 200 - 5 0.004 0.004
2025-12-15 17:50:15,216 13876 INFO wellness werkzeug: 127.0.0.1 - - [15/Dec/2025 17:50:15] "POST /web/action/load HTTP/1.1" 200 - 9 0.006 0.010
2025-12-15 17:50:15,552 13876 DEBUG wellness odoo.api: call audit.login.log().get_views(options={'action_id': 613, 'embedded_action_id': False, 'embedded_parent_res_id': False, 'load_filters': True, 'toolbar': True}, views=[[False, 'list'], [False, 'form'], [False, 'search']]) 
2025-12-15 17:50:15,561 13876 INFO wellness werkzeug: 127.0.0.1 - - [15/Dec/2025 17:50:15] "POST /web/dataset/call_kw/audit.login.log/get_views HTTP/1.1" 200 - 2 0.001 0.012
2025-12-15 17:50:15,803 13876 DEBUG wellness odoo.api: call audit.login.log().web_search_read(count_limit=10001, domain=[], limit=80, offset=0, order='', specification={'create_date': {}, 'user_id': {'fields': {'display_name': {}}}, 'ip_address': {}, 'country_code': {}, 'user_agent': {}}) 
2025-12-15 17:50:15,809 13876 INFO wellness werkzeug: 127.0.0.1 - - [15/Dec/2025 17:50:15] "POST /web/dataset/call_kw/audit.login.log/web_search_read HTTP/1.1" 200 - 4 0.002 0.008
2025-12-15 17:50:15,882 13876 DEBUG wellness odoo.api: call res.users(2,).has_group('base.group_allow_export') 
2025-12-15 17:50:15,882 13876 INFO wellness werkzeug: 127.0.0.1 - - [15/Dec/2025 17:50:15] "POST /web/dataset/call_kw/res.users/has_group HTTP/1.1" 200 - 1 0.000 0.000
2025-12-15 17:50:18,862 13876 DEBUG wellness odoo.addons.http_routing.models.ir_http: '/web/session/logout' (lang: 'es') no lang in url and default website, continue 
2025-12-15 17:50:18,869 13876 INFO wellness werkzeug: 127.0.0.1 - - [15/Dec/2025 17:50:18] "GET /web/session/logout HTTP/1.1" 303 - 1 0.000 0.008
2025-12-15 17:50:19,182 13876 INFO wellness werkzeug: 127.0.0.1 - - [15/Dec/2025 17:50:19] "GET /odoo HTTP/1.1" 303 - 4 0.004 0.011
2025-12-15 17:50:19,506 13876 DEBUG wellness odoo.addons.http_routing.models.ir_http: '/web/login' (lang: 'es') no lang in url and default website, continue 
2025-12-15 17:50:19,516 13876 DEBUG wellness odoo.http: Couldn't load Geoip City file at d:\usr\share\geoip\geolite2-city.mmdb. IP Resolver disabled. 
Traceback (most recent call last):
  File "D:\Manuel\Empresas\ERP\OpenSource\odoo\odoo\http.py", line 2462, in geoip_city_db
    return geoip2.database.Reader(config['geoip_city_db'])
           ^^^^^^^^^^^^^^^^^^^^^^^^^^^^^^^^^^^^^^^^^^^^^^^
  File "D:\Manuel\Empresas\ERP\OpenSource\odoo\venv\Lib\site-packages\geoip2\database.py", line 86, in __init__
    self._db_reader = maxminddb.open_database(fileish, mode)
                      ^^^^^^^^^^^^^^^^^^^^^^^^^^^^^^^^^^^^^^
  File "D:\Manuel\Empresas\ERP\OpenSource\odoo\venv\Lib\site-packages\maxminddb\__init__.py", line 87, in open_database
    return cast("Reader", _extension.Reader(database, mode))
                          ^^^^^^^^^^^^^^^^^^^^^^^^^^^^^^^^^
FileNotFoundError: [Errno 2] No such file or directory: b'd:\\usr\\share\\geoip\\geolite2-city.mmdb'
2025-12-15 17:50:19,536 13876 INFO wellness werkzeug: 127.0.0.1 - - [15/Dec/2025 17:50:19] "GET /web/login?redirect=/odoo? HTTP/1.1" 200 - 7 0.006 0.029
2025-12-15 17:50:23,506 13876 INFO wellness odoo.service.server: Initiating shutdown 
2025-12-15 17:50:23,506 13876 INFO wellness odoo.service.server: Hit CTRL-C again or send a second signal to force the shutdown. 
2025-12-15 17:50:23,795 13876 DEBUG wellness odoo.service.server: on_close call <bound method Event.set of <threading.Event at 0x1614f51e810: unset>> 
2025-12-15 17:50:23,796 13876 DEBUG wellness odoo.service.server: on_close call <function _kick_all at 0x000001614F584400> 
2025-12-15 17:50:23,796 13876 DEBUG wellness odoo.service.server: current thread: <_MainThread(MainThread, started 1852)> 
2025-12-15 17:50:23,796 13876 DEBUG wellness odoo.service.server: process <_MainThread(MainThread, started 1852)> (False) 
2025-12-15 17:50:23,796 13876 DEBUG wellness odoo.service.server: process <Thread(odoo.service.cron.cron0, started daemon 12792)> (True) 
2025-12-15 17:50:23,796 13876 DEBUG wellness odoo.service.server: process <Thread(odoo.service.cron.cron1, started daemon 20544)> (True) 
2025-12-15 17:50:23,796 13876 DEBUG wellness odoo.service.server: process <ImDispatch(odoo.addons.bus.models.bus.Bus, started daemon 7796)> (True) 
2025-12-15 17:50:23,796 13876 DEBUG wellness odoo.service.server: process <Thread(odoo.service.http.request.18176, started 18176)> (False) 
2025-12-15 17:50:23,796 13876 DEBUG wellness odoo.service.server: join and sleep 
2025-12-15 17:50:23,909 13876 DEBUG wellness odoo.service.server: join and sleep 
2025-12-15 17:50:24,019 13876 DEBUG wellness odoo.service.server: join and sleep 
2025-12-15 17:50:24,120 13876 DEBUG wellness odoo.service.server: join and sleep 
2025-12-15 17:50:24,230 13876 DEBUG wellness odoo.service.server: join and sleep 
2025-12-15 17:50:24,342 13876 DEBUG wellness odoo.service.server: join and sleep 
2025-12-15 17:50:24,452 13876 DEBUG wellness odoo.service.server: join and sleep 
2025-12-15 17:50:24,563 13876 INFO wellness odoo.sql_db: ConnectionPool(read/write;used=0/count=0/max=64): Closed 7 connections  
2025-12-15 17:50:24,563 13876 DEBUG wellness odoo.service.server: -- 
